жЬЯжХ∞,зЇҐзРГ_1,зЇҐзРГ_2,зЇҐзРГ_3
пњљЏЇпњљ,пњљ–љпњљпњљпњљпњљпњљ,,
„Ґпњљпњљ,пњљпњљпњљпњљ(‘™),,
26124,7,8,5
26123,9,5,5
26122,7,4,7
26121,0,4,0
26120,2,9,6
26119,2,2,2
26118,2,7,2
26117,0,9,1
26116,9,5,1
26115,3,3,3
26114,0,1,7
26113,9,2,5
26112,6,5,2
26111,5,8,3
26110,1,7,2
26109,4,9,7
26108,8,1,3
26107,6,2,9
26106,5,0,4
26105,3,8,6
26104,9,7,1
26103,2,4,8
26102,7,3,5
26101,0,9,0
26100,2,0,7
26099,4,2,4
26098,9,7,4
26097,1,5,6
26096,8,3,9
26095,5,6,0
26094,7,1,8
26093,3,6,2
26092,9,4,5
26091,2,8,7
26090,6,0,1
26089,5,9,3
26088,1,4,9
26087,8,2,5
26086,3,3,4
26085,0,2,0
26084,0,0,4
26083,9,0,3
26082,0,4,8
26081,6,9,0
26080,7,7,0
26079,1,8,2
26078,9,3,6
26077,7,8,0
26076,4,1,5
26075,2,9,3
26074,4,0,6
26073,3,2,5
26072,1,1,5
26071,5,5,1
26070,1,3,1
26069,1,1,4
26068,8,4,0
26067,4,2,8
26066,8,0,7
26065,8,5,1
26064,5,2,8
26063,7,2,3
26062,3,1,5
26061,3,4,7
26060,1,1,8
26059,2,0,9
26058,5,9,0
26057,4,7,9
26056,1,1,9
26055,5,3,7
26054,6,5,5
26053,7,4,4
26052,6,4,9
26051,0,4,5
26050,4,3,5
26049,5,9,2
26048,0,9,7
26047,3,3,0
26046,7,0,3
26045,1,4,4
26044,0,5,1
26043,1,7,9
26042,7,9,5
26041,6,3,9
26040,0,0,9
26039,8,5,2
26038,7,8,9
26037,7,2,4
26036,7,8,8
26035,7,1,7
26034,2,1,6
26033,1,4,1
26032,7,3,0
26031,7,8,6
26030,8,1,1
26029,6,1,3
26028,4,9,9
26027,0,8,4
26026,2,9,1
26025,1,8,1
26024,2,6,8
26023,4,9,5
26022,2,5,5
26021,2,6,3
26020,0,9,5
26019,8,4,8
26018,8,9,6
26017,1,1,2
26016,2,1,5
26015,2,0,2
26014,8,3,3
26013,4,7,7
26012,5,2,2
26011,0,3,0
26010,9,2,0
26009,2,4,8
26008,5,0,9
26007,1,2,6
26006,7,1,8
26005,0,6,1
26004,8,7,8
26003,0,8,6
26002,6,8,9
26001,8,3,0
25351,6,1,7
25350,6,7,3
25349,0,3,2
25348,3,7,3
25347,6,9,5
25346,8,2,6
25345,4,3,1
25344,4,9,5
25343,0,1,2
25342,0,7,9
25341,8,1,7
25340,2,5,5
25339,9,0,0
25338,1,6,4
25337,5,5,4
25336,4,1,2
25335,2,7,6
25334,5,8,3
25333,9,6,1
25332,9,3,9
25331,9,8,0
25330,5,9,4
25329,3,7,0
25328,8,2,5
25327,8,2,9
25326,0,4,5
25325,8,3,6
25324,5,1,3
25323,6,8,7
25322,1,4,8
25321,5,6,8
25320,7,2,5
25319,8,6,5
25318,4,3,8
25317,7,5,6
25316,9,1,8
25315,9,7,3
25314,8,0,2
25313,4,4,5
25312,1,0,9
25311,1,1,4
25310,0,1,6
25309,5,2,7
25308,2,3,4
25307,6,1,8
25306,1,7,8
25305,4,9,7
25304,0,7,9
25303,9,4,3
25302,0,1,6
25301,5,8,2
25300,8,4,3
25299,3,0,0
25298,1,4,1
25297,4,5,3
25296,0,5,2
25295,1,2,4
25294,9,9,4
25293,0,9,4
25292,6,7,3
25291,9,4,8
25290,1,2,5
25289,6,8,5
25288,5,0,4
25287,1,8,0
25286,6,4,1
25285,9,0,5
25284,2,4,7
25283,0,5,7
25282,0,9,6
25281,7,0,7
25280,5,3,9
25279,3,7,5
25278,6,2,7
25277,4,3,2
25276,9,8,2
25275,1,5,0
25274,7,8,7
25273,4,1,7
25272,7,6,7
25271,8,9,8
25270,0,1,8
25269,8,7,5
25268,3,2,1
25267,8,5,6
25266,7,4,2
25265,2,8,1
25264,2,0,2
25263,1,4,8
25262,5,1,2
25261,8,7,7
25260,5,1,4
25259,4,2,0
25258,0,3,8
25257,5,6,1
25256,7,9,7
25255,5,8,3
25254,6,2,8
25253,6,9,3
25252,1,9,0
25251,5,5,8
25250,1,7,8
25249,5,3,2
25248,9,8,3
25247,3,6,4
25246,2,0,7
25245,9,9,4
25244,7,5,8
25243,8,1,2
25242,5,2,3
25241,2,8,6
25240,6,2,7
25239,2,2,0
25238,7,5,4
25237,7,1,3
25236,1,5,1
25235,3,2,1
25234,2,8,2
25233,1,4,3
25232,3,9,7
25231,2,5,8
25230,1,7,8
25229,1,2,3
25228,1,6,4
25227,4,5,3
25226,3,7,3
25225,0,0,9
25224,0,2,1
25223,7,9,5
25222,6,6,0
25221,7,9,1
25220,3,5,3
25219,7,8,4
25218,3,0,7
25217,2,4,2
25216,4,1,0
25215,6,9,5
25214,1,7,6
25213,8,6,8
25212,2,2,3
25211,0,5,0
25210,6,2,2
25209,9,2,1
25208,3,0,9
25207,1,5,4
25206,6,0,5
25205,7,8,3
25204,8,3,0
25203,7,3,5
25202,2,5,3
25201,4,0,1
25200,2,1,1
25199,4,8,5
25198,7,1,7
25197,8,6,9
25196,9,4,1
25195,2,1,0
25194,2,7,0
25193,2,6,5
25192,6,8,3
25191,6,6,9
25190,4,9,9
25189,5,5,6
25188,6,2,3
25187,6,4,1
25186,5,1,4
25185,3,0,8
25184,2,2,1
25183,1,7,7
25182,7,2,1
25181,8,9,4
25180,8,8,9
25179,9,7,2
25178,7,1,4
25177,9,7,7
25176,9,4,9
25175,4,1,3
25174,1,3,1
25173,6,7,3
25172,7,2,4
25171,1,0,5
25170,5,0,2
25169,6,9,9
25168,2,0,3
25167,2,6,7
25166,6,9,6
25165,1,0,3
25164,5,1,9
25163,7,6,6
25162,3,1,7
25161,2,4,8
25160,1,7,1
25159,2,7,4
25158,8,8,2
25157,2,5,0
25156,6,3,8
25155,0,4,0
25154,9,8,9
25153,8,9,4
25152,7,4,7
25151,6,8,6
25150,2,1,2
25149,7,7,2
25148,5,5,7
25147,0,2,3
25146,8,2,2
25145,4,7,1
25144,3,8,9
25143,9,4,4
25142,3,4,3
25141,4,7,5
25140,2,6,7
25139,1,5,5
25138,8,9,5
25137,7,2,1
25136,3,2,4
25135,8,1,6
25134,5,1,0
25133,8,6,6
25132,2,7,5
25131,3,6,7
25130,0,6,8
25129,1,8,9
25128,8,7,0
25127,4,9,2
25126,1,8,4
25125,6,2,7
25124,5,2,7
25123,8,4,2
25122,0,3,0
25121,4,2,4
25120,4,0,1
25119,7,0,3
25118,2,5,5
25117,1,7,0
25116,3,6,0
25115,8,4,7
25114,1,9,2
25113,0,2,9
25112,4,8,3
25111,5,8,8
25110,1,1,6
25109,6,1,9
25108,8,7,7
25107,7,2,6
25106,0,7,6
25105,0,8,4
25104,1,4,4
25103,4,7,1
25102,2,3,3
25101,9,1,1
25100,9,9,7
25099,1,7,4
25098,1,9,2
25097,1,7,1
25096,9,4,8
25095,6,7,2
25094,5,3,4
25093,4,3,2
25092,7,2,1
25091,8,3,0
25090,9,9,3
25089,2,0,8
25088,2,2,2
25087,8,4,5
25086,6,3,4
25085,3,5,3
25084,3,0,4
25083,5,9,3
25082,3,4,4
25081,7,6,6
25080,7,3,8
25079,2,9,6
25078,1,1,3
25077,4,2,5
25076,4,0,7
25075,7,4,3
25074,1,7,9
25073,1,3,2
25072,9,3,5
25071,4,6,2
25070,7,7,1
25069,9,3,4
25068,9,7,5
25067,6,7,1
25066,1,8,4
25065,9,9,0
25064,6,5,6
25063,4,6,6
25062,2,5,7
25061,4,9,0
25060,7,9,3
25059,7,7,1
25058,6,7,2
25057,7,6,5
25056,7,1,6
25055,9,1,6
25054,3,8,4
25053,8,9,9
25052,3,3,7
25051,9,7,3
25050,5,7,0
25049,0,3,7
25048,5,7,0
25047,8,0,6
25046,3,7,2
25045,7,2,2
25044,8,0,5
25043,5,5,2
25042,6,7,5
25041,9,1,6
25040,8,7,5
25039,5,8,8
25038,3,6,6
25037,5,7,8
25036,5,2,1
25035,8,4,9
25034,3,0,9
25033,9,3,4
25032,3,9,2
25031,5,1,3
25030,2,9,7
25029,4,8,9
25028,8,2,2
25027,0,4,8
25026,3,4,6
25025,6,7,7
25024,2,2,8
25023,7,8,8
25022,4,8,4
25021,3,4,6
25020,1,5,9
25019,7,3,4
25018,2,9,2
25017,9,5,6
25016,9,6,3
25015,3,9,8
25014,5,0,8
25013,9,7,8
25012,4,7,1
25011,0,2,7
25010,1,4,3
25009,8,0,6
25008,1,2,8
25007,3,6,2
25006,6,5,6
25005,6,1,7
25004,3,5,1
25003,1,6,8
25002,9,0,0
25001,1,2,3
24352,6,9,1
24351,7,8,8
24350,2,2,0
24349,9,0,7
24348,1,9,2
24347,8,9,3
24346,6,7,7
24345,6,2,0
24344,5,4,6
24343,4,8,1
24342,0,8,4
24341,6,5,3
24340,0,3,1
24339,9,1,8
24338,1,5,5
24337,1,7,2
24336,2,4,9
24335,4,9,9
24334,7,4,6
24333,8,4,8
24332,6,7,9
24331,7,1,2
24330,8,1,1
24329,1,4,7
24328,1,2,5
24327,1,3,4
24326,2,5,7
24325,0,2,3
24324,6,3,0
24323,9,1,4
24322,6,7,8
24321,0,5,0
24320,8,6,3
24319,7,9,3
24318,2,4,3
24317,3,5,5
24316,3,3,2
24315,0,7,1
24314,0,8,0
24313,4,7,1
24312,4,1,3
24311,5,3,3
24310,7,1,8
24309,4,8,3
24308,8,4,3
24307,5,8,2
24306,5,0,8
24305,8,4,1
24304,4,2,5
24303,2,0,1
24302,3,9,8
24301,8,7,7
24300,9,3,3
24299,5,8,1
24298,6,8,0
24297,0,3,7
24296,8,9,8
24295,5,5,2
24294,7,0,1
24293,0,4,4
24292,0,3,0
24291,3,4,0
24290,0,0,4
24289,0,0,6
24288,8,1,0
24287,9,4,5
24286,1,5,6
24285,3,4,7
24284,0,3,4
24283,2,8,5
24282,9,0,5
24281,4,6,5
24280,8,5,9
24279,8,8,6
24278,1,3,4
24277,6,2,3
24276,0,8,8
24275,6,8,1
24274,2,7,4
24273,8,1,2
24272,4,3,6
24271,3,9,5
24270,8,0,1
24269,3,2,4
24268,8,3,1
24267,8,4,1
24266,1,4,3
24265,7,0,1
24264,3,4,7
24263,4,0,4
24262,2,1,6
24261,1,9,5
24260,5,2,3
24259,4,4,4
24258,6,9,0
24257,0,0,8
24256,5,4,9
24255,1,5,5
24254,4,2,3
24253,1,4,8
24252,7,0,0
24251,3,5,6
24250,6,0,6
24249,1,9,8
24248,9,5,4
24247,4,3,4
24246,8,1,6
24245,1,8,4
24244,3,6,8
24243,9,1,6
24242,1,8,8
24241,0,6,3
24240,8,1,5
24239,1,6,8
24238,4,3,0
24237,3,5,6
24236,3,7,6
24235,9,5,4
24234,2,7,5
24233,4,9,8
24232,2,9,7
24231,6,9,6
24230,0,8,8
24229,9,2,6
24228,2,7,4
24227,9,9,5
24226,2,3,2
24225,7,5,8
24224,8,3,5
24223,5,4,9
24222,9,9,3
24221,5,0,0
24220,7,2,4
24219,9,7,1
24218,2,9,1
24217,1,1,1
24216,8,4,8
24215,8,7,7
24214,1,4,5
24213,7,3,4
24212,7,2,7
24211,6,4,9
24210,2,8,5
24209,5,3,5
24208,9,7,3
24207,9,8,2
24206,4,4,6
24205,2,4,1
24204,0,4,7
24203,5,9,2
24202,1,8,7
24201,5,1,5
24200,3,8,0
24199,5,5,8
24198,5,5,0
24197,1,0,5
24196,5,3,9
24195,5,1,7
24194,0,7,8
24193,0,0,6
24192,3,4,0
24191,4,3,9
24190,6,4,4
24189,7,9,3
24188,0,2,4
24187,8,8,3
24186,3,6,7
24185,8,8,4
24184,7,3,0
24183,5,0,0
24182,2,8,2
24181,3,2,3
24180,2,1,5
24179,5,3,5
24178,6,6,3
24177,5,7,9
24176,9,3,2
24175,1,9,5
24174,1,9,1
24173,6,5,8
24172,4,0,0
24171,0,7,0
24170,0,3,1
24169,7,5,9
24168,5,4,1
24167,5,0,7
24166,4,7,9
24165,9,3,2
24164,0,0,6
24163,5,1,4
24162,3,2,0
24161,6,4,9
24160,4,2,5
24159,4,3,0
24158,6,0,6
24157,2,1,1
24156,1,7,2
24155,8,8,9
24154,9,8,3
24153,3,8,9
24152,9,3,6
24151,9,0,0
24150,1,2,9
24149,6,7,6
24148,3,4,3
24147,5,5,8
24146,9,9,1
24145,2,0,5
24144,1,4,7
24143,1,8,5
24142,4,2,6
24141,8,0,4
24140,5,2,0
24139,5,3,6
24138,9,9,7
24137,1,2,8
24136,0,6,2
24135,8,9,1
24134,6,6,0
24133,2,8,1
24132,6,0,4
24131,5,7,1
24130,1,2,2
24129,2,7,8
24128,0,1,7
24127,7,4,4
24126,3,7,9
24125,7,0,6
24124,8,3,5
24123,5,3,8
24122,2,4,6
24121,5,1,8
24120,5,2,9
24119,2,5,5
24118,7,3,3
24117,1,8,5
24116,3,4,8
24115,6,2,0
24114,5,4,8
24113,3,4,5
24112,2,1,8
24111,3,3,6
24110,6,2,9
24109,2,4,3
24108,2,5,2
24107,4,9,9
24106,5,3,3
24105,2,1,0
24104,4,7,4
24103,5,5,1
24102,2,1,5
24101,0,3,0
24100,1,5,7
24099,1,0,2
24098,2,4,7
24097,8,6,3
24096,4,6,3
24095,1,7,5
24094,2,7,1
24093,9,3,5
24092,1,5,0
24091,1,9,6
24090,2,0,6
24089,1,1,7
24088,8,1,9
24087,1,6,1
24086,2,7,8
24085,4,9,3
24084,5,4,9
24083,2,3,2
24082,5,7,1
24081,9,2,8
24080,0,1,2
24079,8,8,9
24078,1,2,6
24077,6,2,6
24076,9,6,8
24075,2,8,5
24074,6,2,9
24073,5,9,0
24072,3,4,1
24071,2,5,8
24070,8,9,1
24069,4,1,1
24068,2,3,9
24067,5,4,9
24066,8,0,3
24065,9,0,3
24064,1,3,2
24063,6,5,1
24062,7,8,4
24061,2,5,0
24060,3,5,7
24059,6,2,9
24058,0,6,5
24057,7,6,5
24056,7,8,8
24055,1,7,3
24054,2,2,1
24053,9,5,8
24052,9,9,5
24051,6,7,4
24050,4,9,5
24049,6,3,1
24048,3,9,6
24047,7,6,0
24046,7,0,2
24045,7,5,7
24044,8,8,5
24043,2,9,6
24042,3,4,2
24041,9,0,5
24040,5,1,4
24039,5,0,8
24038,5,2,9
24037,9,1,0
24036,5,4,7
24035,3,0,6
24034,0,1,7
24033,7,3,9
24032,8,0,5
24031,6,8,2
24030,9,5,1
24029,5,7,5
24028,2,5,9
24027,5,0,2
24026,7,5,1
24025,3,1,4
24024,1,9,9
24023,7,9,3
24022,1,2,4
24021,3,7,0
24020,4,0,6
24019,3,1,3
24018,8,5,9
24017,5,5,5
24016,7,0,2
24015,4,7,5
24014,1,8,7
24013,9,8,5
24012,0,8,1
24011,0,8,0
24010,2,8,1
24009,8,1,5
24008,4,0,5
24007,8,8,8
24006,2,8,4
24005,2,5,9
24004,6,6,5
24003,6,6,6
24002,5,4,4
24001,4,0,3
23351,5,7,1
23350,1,9,7
23349,9,2,3
23348,5,9,7
23347,7,4,2
23346,2,5,8
23345,6,7,8
23344,8,0,1
23343,7,3,0
23342,9,7,8
23341,3,4,1
23340,0,8,9
23339,4,8,2
23338,3,8,0
23337,8,4,6
23336,8,2,1
23335,0,4,7
23334,5,8,7
23333,9,8,9
23332,6,6,7
23331,4,0,2
23330,5,3,1
23329,2,8,9
23328,8,8,2
23327,3,1,4
23326,7,9,0
23325,7,1,7
23324,6,0,2
23323,9,4,5
23322,1,7,4
23321,2,1,1
23320,6,9,7
23319,9,6,5
23318,7,9,0
23317,3,9,7
23316,2,3,4
23315,7,4,7
23314,3,5,5
23313,4,1,4
23312,4,4,2
23311,5,8,3
23310,4,1,7
23309,3,2,9
23308,6,1,9
23307,9,3,6
23306,3,3,0
23305,6,7,9
23304,7,2,8
23303,5,7,2
23302,1,6,1
23301,0,4,1
23300,2,9,6
23299,8,0,8
23298,3,6,5
23297,7,6,1
23296,8,0,7
23295,8,8,2
23294,6,6,7
23293,4,3,4
23292,9,6,8
23291,1,5,0
23290,1,5,4
23289,9,9,8
23288,3,1,4
23287,8,9,4
23286,1,1,6
23285,7,1,6
23284,3,8,2
23283,0,2,9
23282,3,0,8
23281,3,4,4
23280,6,0,1
23279,3,9,1
23278,0,7,0
23277,0,2,8
23276,6,0,6
23275,9,8,4
23274,6,6,9
23273,1,2,1
23272,4,1,9
23271,0,9,6
23270,3,5,5
23269,2,3,4
23268,9,7,5
23267,5,5,4
23266,1,3,3
23265,2,2,4
23264,9,2,5
23263,9,9,3
23262,7,1,7
23261,9,3,0
23260,2,4,7
23259,0,8,8
23258,9,1,5
23257,9,0,8
23256,8,4,0
23255,0,5,6
23254,9,9,1
23253,9,8,6
23252,9,6,1
23251,7,3,6
23250,1,8,0
23249,0,3,9
23248,6,9,6
23247,9,3,7
23246,4,2,2
23245,4,8,0
23244,3,1,5
23243,9,6,6
23242,9,8,7
23241,9,3,5
23240,7,0,2
23239,4,4,0
23238,5,6,2
23237,7,9,8
23236,2,7,0
23235,4,2,4
23234,8,0,5
23233,1,2,4
23232,8,6,0
23231,3,6,5
23230,9,4,9
23229,6,7,8
23228,7,7,3
23227,9,0,1
23226,5,3,5
23225,1,1,8
23224,3,7,4
23223,7,4,0
23222,9,7,7
23221,6,4,9
23220,0,3,5
23219,7,3,8
23218,9,4,2
23217,7,4,8
23216,1,3,8
23215,4,8,0
23214,1,0,1
23213,0,7,7
23212,8,5,3
23211,7,9,2
23210,9,3,6
23209,2,1,7
23208,6,6,9
23207,1,2,6
23206,4,4,8
23205,0,9,7
23204,0,1,4
23203,1,4,0
23202,7,5,8
23201,7,3,4
23200,5,1,4
23199,7,2,3
23198,0,7,9
23197,3,0,7
23196,8,0,0
23195,3,6,7
23194,3,0,3
23193,4,1,9
23192,2,1,4
23191,3,6,0
23190,6,0,0
23189,0,7,0
23188,2,8,4
23187,7,6,5
23186,7,0,7
23185,4,6,8
23184,9,6,4
23183,8,0,6
23182,1,2,1
23181,7,7,9
23180,6,8,7
23179,4,9,9
23178,7,1,1
23177,7,0,9
23176,0,7,1
23175,2,8,0
23174,8,2,9
23173,0,1,3
23172,7,8,0
23171,2,2,5
23170,0,8,2
23169,7,2,1
23168,9,3,3
23167,1,9,0
23166,1,2,8
23165,2,5,1
23164,2,1,5
23163,1,2,7
23162,0,9,4
23161,5,3,6
23160,3,9,3
23159,3,1,9
23158,4,4,7
23157,7,8,6
23156,2,5,1
23155,8,5,3
23154,4,3,3
23153,7,5,0
23152,3,1,8
23151,3,8,3
23150,0,3,9
23149,0,2,5
23148,3,3,6
23147,8,6,3
23146,5,8,7
23145,8,8,3
23144,5,6,3
23143,8,4,8
23142,1,6,7
23141,7,4,3
23140,0,9,3
23139,4,2,9
23138,4,4,0
23137,7,9,1
23136,9,2,9
23135,4,6,7
23134,2,2,0
23133,4,3,4
23132,0,1,0
23131,5,8,3
23130,5,2,1
23129,3,3,4
23128,8,1,0
23127,1,1,0
23126,9,8,4
23125,5,5,8
23124,0,7,1
23123,5,5,7
23122,8,2,7
23121,6,6,8
23120,0,9,1
23119,0,5,6
23118,6,4,6
23117,4,9,3
23116,9,2,0
23115,5,2,7
23114,8,1,0
23113,2,2,4
23112,1,2,7
23111,6,5,9
23110,4,3,3
23109,3,0,3
23108,4,7,7
23107,5,1,9
23106,2,8,2
23105,5,7,0
23104,6,4,3
23103,9,7,6
23102,7,0,4
23101,5,3,1
23100,6,3,2
23099,5,5,1
23098,2,2,3
23097,6,8,5
23096,7,6,3
23095,4,8,8
23094,5,3,3
23093,5,3,6
23092,8,8,3
23091,7,9,5
23090,5,8,5
23089,9,4,0
23088,2,9,2
23087,3,2,9
23086,9,1,5
23085,5,5,7
23084,0,5,5
23083,0,2,4
23082,7,3,9
23081,9,7,8
23080,4,8,4
23079,0,1,4
23078,3,1,6
23077,2,0,9
23076,5,0,3
23075,7,3,8
23074,0,7,1
23073,1,3,0
23072,4,4,7
23071,0,1,7
23070,5,6,7
23069,9,3,2
23068,3,6,6
23067,8,5,4
23066,5,5,0
23065,4,6,8
23064,0,6,5
23063,4,3,7
23062,0,0,6
23061,7,1,1
23060,7,9,2
23059,5,1,8
23058,6,9,3
23057,4,6,4
23056,1,0,8
23055,8,8,2
23054,3,4,8
23053,3,6,4
23052,3,8,3
23051,9,4,0
23050,7,1,4
23049,9,2,8
23048,5,8,1
23047,5,7,8
23046,8,8,5
23045,6,5,9
23044,0,8,2
23043,5,6,8
23042,2,3,1
23041,6,0,8
23040,3,3,4
23039,7,6,3
23038,0,9,1
23037,7,7,1
23036,6,5,6
23035,6,4,9
23034,9,0,1
23033,6,7,9
23032,0,9,0
23031,9,7,5
23030,7,5,4
23029,4,9,9
23028,1,2,7
23027,3,4,8
23026,6,6,5
23025,3,5,7
23024,0,6,0
23023,3,4,2
23022,1,1,4
23021,9,1,1
23020,4,8,8
23019,7,9,0
23018,2,3,7
23017,1,7,2
23016,7,1,4
23015,6,0,6
23014,0,2,2
23013,2,8,2
23012,7,8,0
23011,0,8,3
23010,8,8,8
23009,2,2,1
23008,9,7,2
23007,3,1,5
23006,7,5,6
23005,4,2,0
23004,1,3,6
23003,9,0,0
23002,0,7,0
23001,4,5,8
22351,0,9,2
22350,2,8,6
22349,4,9,1
22348,7,3,9
22347,9,2,5
22346,5,3,8
22345,4,6,0
22344,2,0,9
22343,3,8,2
22342,3,8,3
22341,0,8,4
22340,2,8,7
22339,5,2,5
22338,4,1,6
22337,2,1,7
22336,3,8,7
22335,0,1,4
22334,3,8,3
22333,8,5,1
22332,4,2,2
22331,8,0,8
22330,2,2,1
22329,1,6,7
22328,6,2,0
22327,2,8,9
22326,2,8,9
22325,7,6,0
22324,8,4,9
22323,7,1,2
22322,3,3,5
22321,8,6,1
22320,7,4,7
22319,0,6,9
22318,0,2,1
22317,2,6,8
22316,2,8,0
22315,5,6,2
22314,7,1,5
22313,1,6,9
22312,1,3,2
22311,6,8,2
22310,2,5,7
22309,0,4,1
22308,2,1,6
22307,3,7,2
22306,5,5,9
22305,0,4,8
22304,1,7,4
22303,5,3,3
22302,8,7,5
22301,1,8,1
22300,0,9,4
22299,2,9,9
22298,8,7,2
22297,1,1,1
22296,0,0,9
22295,6,0,8
22294,6,6,6
22293,3,8,5
22292,9,7,7
22291,6,3,3
22290,8,3,7
22289,7,6,9
22288,5,6,1
22287,7,4,6
22286,9,8,0
22285,4,3,6
22284,7,5,2
22283,8,2,0
22282,8,9,6
22281,1,0,1
22280,1,3,3
22279,9,7,4
22278,4,9,2
22277,2,4,6
22276,7,6,1
22275,0,5,9
22274,0,6,5
22273,7,4,6
22272,3,2,9
22271,5,6,7
22270,2,2,7
22269,3,7,5
22268,3,8,4
22267,5,3,4
22266,2,1,0
22265,4,6,4
22264,7,8,6
22263,3,3,5
22262,3,2,9
22261,0,2,6
22260,4,6,9
22259,4,4,8
22258,1,9,6
22257,7,9,2
22256,4,0,5
22255,3,3,9
22254,7,3,5
22253,9,1,6
22252,1,6,7
22251,1,2,4
22250,0,1,5
22249,0,0,6
22248,0,4,9
22247,4,4,6
22246,8,3,2
22245,8,4,6
22244,1,2,4
22243,4,7,4
22242,0,8,9
22241,0,7,3
22240,1,9,5
22239,2,8,9
22238,6,2,2
22237,6,9,9
22236,8,8,5
22235,8,2,4
22234,8,8,7
22233,8,6,7
22232,6,4,2
22231,4,6,6
22230,9,0,1
22229,7,6,6
22228,5,4,4
22227,6,1,3
22226,9,8,9
22225,4,3,1
22224,8,9,7
22223,0,5,8
22222,2,9,1
22221,2,4,6
22220,3,8,0
22219,2,9,2
22218,7,4,5
22217,5,1,4
22216,7,6,2
22215,0,6,2
22214,8,2,2
22213,8,2,9
22212,6,4,4
22211,3,2,1
22210,6,3,0
22209,3,5,6
22208,6,3,2
22207,4,6,5
22206,2,2,2
22205,4,6,8
22204,6,6,6
22203,6,2,9
22202,9,0,2
22201,2,1,3
22200,3,0,3
22199,3,3,2
22198,0,3,7
22197,9,3,0
22196,1,2,3
22195,1,2,2
22194,7,8,0
22193,1,6,2
22192,6,8,1
22191,2,1,0
22190,7,4,8
22189,2,3,5
22188,4,8,1
22187,7,1,8
22186,1,5,3
22185,5,4,5
22184,9,6,6
22183,1,8,8
22182,4,0,6
22181,0,7,1
22180,3,1,2
22179,9,4,6
22178,9,2,1
22177,2,4,2
22176,4,1,6
22175,1,5,1
22174,2,8,4
22173,5,4,6
22172,3,4,2
22171,9,2,4
22170,7,8,9
22169,4,6,9
22168,5,5,3
22167,2,9,9
22166,4,5,1
22165,4,5,7
22164,1,8,9
22163,7,7,1
22162,7,0,7
22161,5,0,7
22160,0,4,4
22159,2,4,0
22158,8,9,1
22157,4,1,7
22156,7,8,9
22155,0,5,7
22154,4,0,6
22153,1,5,5
22152,0,4,4
22151,1,1,3
22150,8,8,7
22149,4,6,4
22148,4,0,8
22147,1,9,6
22146,1,9,4
22145,7,2,8
22144,0,1,6
22143,1,5,8
22142,5,6,3
22141,7,5,5
22140,2,7,7
22139,1,3,6
22138,4,2,6
22137,2,4,4
22136,6,5,6
22135,0,4,8
22134,2,2,9
22133,6,5,4
22132,7,8,2
22131,2,6,6
22130,3,9,5
22129,0,0,5
22128,8,4,3
22127,1,1,7
22126,2,5,9
22125,2,6,4
22124,2,2,4
22123,1,5,4
22122,3,5,7
22121,6,2,1
22120,9,3,9
22119,0,4,6
22118,4,7,0
22117,4,5,7
22116,7,0,7
22115,8,3,6
22114,9,9,7
22113,6,5,3
22112,7,6,2
22111,9,5,6
22110,8,9,3
22109,0,9,2
22108,4,1,5
22107,0,6,4
22106,6,2,5
22105,6,4,2
22104,0,8,3
22103,0,4,6
22102,3,4,5
22101,1,2,4
22100,4,4,4
22099,4,6,4
22098,9,1,5
22097,0,9,6
22096,8,2,4
22095,1,4,0
22094,4,8,8
22093,9,5,8
22092,8,1,8
22091,8,0,9
22090,5,7,9
22089,8,4,4
22088,9,0,7
22087,1,3,3
22086,9,3,5
22085,2,7,9
22084,9,4,6
22083,3,2,8
22082,6,7,8
22081,1,6,8
22080,4,5,0
22079,8,5,4
22078,3,5,2
22077,9,1,8
22076,1,7,1
22075,7,6,1
22074,0,8,9
22073,2,0,0
22072,6,8,3
22071,3,7,1
22070,7,0,2
22069,5,8,6
22068,7,1,7
22067,0,1,3
22066,4,0,8
22065,9,9,4
22064,6,1,5
22063,7,7,3
22062,8,9,2
22061,3,5,3
22060,2,1,0
22059,5,9,2
22058,0,4,7
22057,1,4,7
22056,0,9,9
22055,2,7,7
22054,2,6,9
22053,5,6,6
22052,4,6,6
22051,8,4,6
22050,0,7,0
22049,4,8,7
22048,7,1,2
22047,8,1,5
22046,3,8,7
22045,4,2,9
22044,5,3,8
22043,0,9,6
22042,5,0,0
22041,5,3,3
22040,5,9,1
22039,4,7,5
22038,3,9,3
22037,3,4,1
22036,0,8,7
22035,4,0,2
22034,9,2,2
22033,3,5,8
22032,7,0,3
22031,6,0,5
22030,4,6,0
22029,1,3,4
22028,9,6,1
22027,9,2,4
22026,6,1,8
22025,9,7,4
22024,5,0,3
22023,4,8,9
22022,9,7,4
22021,4,9,2
22020,5,1,5
22019,8,5,5
22018,7,2,9
22017,5,1,5
22016,9,4,7
22015,9,9,3
22014,7,8,8
22013,0,8,6
22012,5,0,5
22011,0,7,3
22010,6,4,8
22009,8,5,6
22008,8,4,2
22007,5,2,3
22006,4,3,8
22005,8,7,1
22004,0,9,9
22003,5,5,8
22002,2,8,7
22001,3,7,8
21351,2,6,4
21350,1,3,5
21349,2,9,0
21348,2,4,1
21347,8,3,9
21346,3,4,3
21345,5,0,8
21344,0,4,6
21343,8,8,0
21342,6,7,6
21341,7,0,3
21340,3,2,1
21339,1,8,9
21338,2,4,4
21337,7,2,2
21336,4,5,5
21335,1,1,0
21334,7,9,2
21333,4,0,4
21332,9,3,4
21331,9,4,9
21330,2,0,4
21329,1,3,1
21328,3,3,6
21327,3,2,8
21326,4,6,1
21325,6,1,2
21324,9,3,1
21323,4,5,4
21322,1,7,0
21321,9,7,7
21320,9,4,0
21319,0,8,6
21318,7,3,1
21317,3,5,5
21316,6,8,8
21315,4,8,4
21314,1,9,4
21313,5,9,3
21312,0,0,8
21311,8,0,5
21310,1,4,8
21309,4,5,7
21308,8,3,8
21307,1,8,3
21306,2,3,3
21305,1,5,6
21304,9,0,0
21303,1,4,3
21302,9,2,5
21301,6,2,2
21300,1,4,0
21299,8,8,8
21298,5,8,9
21297,5,1,2
21296,4,6,8
21295,2,3,5
21294,4,8,8
21293,4,2,0
21292,5,2,1
21291,0,4,4
21290,4,8,9
21289,3,2,1
21288,5,6,6
21287,7,7,0
21286,8,5,3
21285,7,8,0
21284,5,0,4
21283,8,0,6
21282,4,7,0
21281,5,9,7
21280,8,6,8
21279,1,1,1
21278,1,5,7
21277,7,0,0
21276,5,0,4
21275,2,7,6
21274,8,1,2
21273,3,1,6
21272,0,2,8
21271,5,3,0
21270,6,7,1
21269,1,3,4
21268,1,8,3
21267,7,0,0
21266,0,5,5
21265,0,9,5
21264,9,5,6
21263,2,4,4
21262,4,1,4
21261,1,9,5
21260,1,8,6
21259,1,1,5
21258,7,5,1
21257,9,1,4
21256,5,0,3
21255,9,1,7
21254,9,4,9
21253,5,6,8
21252,9,7,5
21251,9,4,1
21250,4,4,8
21249,2,9,0
21248,3,0,8
21247,5,2,5
21246,9,8,0
21245,9,2,6
21244,4,0,1
21243,0,9,7
21242,9,7,3
21241,8,4,8
21240,0,1,3
21239,3,1,9
21238,1,3,4
21237,2,0,3
21236,7,1,4
21235,3,3,2
21234,1,6,3
21233,0,2,2
21232,7,7,9
21231,7,6,2
21230,7,7,5
21229,3,5,9
21228,5,5,2
21227,3,5,7
21226,5,0,9
21225,8,2,4
21224,9,3,7
21223,8,2,3
21222,0,2,8
21221,1,8,5
21220,1,2,7
21219,3,2,9
21218,5,3,0
21217,5,4,7
21216,4,5,4
21215,7,1,2
21214,2,8,1
21213,1,2,0
21212,0,1,2
21211,6,7,5
21210,5,8,2
21209,6,5,4
21208,5,2,0
21207,0,7,0
21206,4,6,9
21205,0,8,2
21204,5,0,6
21203,9,5,9
21202,4,8,8
21201,2,4,5
21200,4,0,9
21199,4,8,3
21198,1,8,5
21197,0,6,4
21196,8,6,6
21195,6,0,2
21194,5,2,3
21193,9,5,1
21192,7,4,0
21191,0,4,9
21190,4,2,8
21189,8,1,0
21188,6,0,8
21187,3,7,5
21186,6,9,1
21185,6,9,5
21184,8,1,1
21183,3,5,0
21182,2,2,9
21181,5,4,9
21180,9,3,0
21179,8,6,6
21178,9,0,0
21177,0,1,7
21176,8,6,5
21175,1,1,7
21174,2,4,3
21173,0,9,7
21172,7,5,7
21171,4,6,5
21170,4,9,9
21169,1,1,6
21168,9,4,6
21167,6,6,5
21166,8,1,0
21165,5,0,6
21164,1,3,7
21163,6,1,1
21162,7,9,3
21161,7,6,2
21160,9,5,8
21159,2,3,7
21158,9,0,5
21157,2,1,9
21156,7,3,2
21155,2,1,7
21154,5,9,1
21153,3,6,8
21152,3,4,8
21151,8,2,6
21150,3,0,1
21149,8,7,8
21148,2,1,5
21147,2,5,7
21146,9,0,1
21145,2,4,5
21144,0,7,4
21143,3,8,6
21142,1,9,7
21141,1,0,3
21140,1,3,2
21139,6,4,9
21138,9,2,8
21137,6,8,5
21136,4,6,9
21135,5,0,5
21134,2,1,6
21133,5,3,2
21132,7,4,1
21131,2,2,3
21130,1,7,2
21129,7,9,3
21128,6,8,9
21127,4,4,9
21126,8,1,3
21125,9,1,9
21124,4,9,2
21123,8,2,2
21122,8,5,3
21121,0,8,0
21120,6,8,6
21119,1,3,6
21118,6,9,4
21117,9,2,3
21116,4,1,4
21115,8,3,4
21114,7,1,3
21113,0,3,2
21112,4,5,1
21111,8,3,8
21110,2,3,4
21109,1,7,2
21108,5,5,3
21107,2,6,4
21106,7,3,3
21105,6,3,8
21104,9,0,6
21103,8,3,3
21102,1,1,6
21101,7,8,6
21100,2,7,6
21099,4,9,1
21098,3,0,2
21097,8,1,6
21096,5,9,3
21095,9,5,2
21094,5,6,9
21093,4,3,1
21092,8,7,0
21091,4,7,2
21090,6,7,8
21089,2,4,5
21088,3,0,4
21087,8,6,6
21086,2,6,3
21085,9,9,6
21084,4,9,3
21083,6,7,6
21082,2,2,7
21081,2,4,1
21080,6,4,5
21079,9,5,9
21078,6,8,6
21077,7,1,0
21076,0,1,8
21075,0,6,8
21074,2,7,9
21073,1,7,3
21072,5,6,2
21071,6,5,5
21070,9,8,8
21069,7,1,9
21068,0,4,5
21067,1,7,0
21066,5,2,3
21065,6,4,2
21064,6,2,6
21063,6,7,3
21062,4,4,6
21061,3,6,8
21060,6,5,5
21059,6,3,6
21058,9,7,2
21057,2,5,7
21056,6,2,2
21055,6,0,7
21054,1,2,5
21053,9,5,4
21052,9,8,6
21051,7,3,0
21050,4,6,0
21049,6,0,3
21048,9,4,5
21047,6,2,6
21046,0,4,7
21045,2,5,2
21044,2,6,9
21043,0,5,4
21042,9,5,6
21041,9,9,2
21040,3,4,1
21039,6,7,5
21038,4,9,2
21037,1,6,1
21036,9,5,6
21035,5,4,6
21034,5,3,4
21033,4,5,2
21032,3,7,3
21031,7,1,4
21030,2,2,5
21029,8,6,5
21028,7,9,0
21027,0,2,3
21026,4,2,6
21025,8,5,9
21024,3,4,2
21023,8,4,0
21022,9,6,3
21021,9,7,2
21020,3,9,8
21019,2,5,2
21018,4,6,8
21017,0,0,1
21016,2,2,3
21015,6,5,9
21014,7,9,0
21013,8,8,7
21012,9,0,6
21011,9,6,0
21010,7,4,3
21009,2,3,1
21008,6,4,7
21007,9,0,1
21006,9,0,8
21005,6,3,3
21004,5,0,1
21003,8,8,0
21002,3,5,5
21001,3,2,6
20312,6,1,4
20311,5,8,0
20310,5,0,3
20309,2,7,2
20308,5,7,4
20307,6,9,5
20306,4,3,8
20305,3,7,3
20304,6,2,7
20303,9,0,6
20302,1,0,8
20301,4,1,8
20300,4,1,2
20299,3,2,3
20298,2,9,0
20297,7,4,5
20296,2,5,1
20295,8,3,9
20294,6,3,0
20293,2,0,3
20292,7,6,7
20291,4,6,8
20290,8,4,6
20289,5,9,3
20288,6,9,3
20287,2,7,6
20286,5,1,9
20285,1,4,4
20284,3,3,7
20283,5,7,0
20282,2,5,7
20281,9,5,1
20280,1,6,0
20279,9,3,2
20278,2,7,4
20277,5,6,7
20276,9,9,4
20275,7,1,6
20274,5,9,5
20273,1,7,4
20272,2,4,3
20271,9,2,9
20270,4,1,4
20269,6,9,3
20268,6,3,5
20267,6,2,5
20266,1,1,0
20265,7,7,0
20264,1,6,0
20263,8,0,9
20262,6,6,5
20261,8,3,3
20260,2,7,8
20259,2,3,0
20258,4,6,8
20257,2,5,8
20256,2,0,8
20255,4,6,0
20254,1,2,0
20253,8,5,8
20252,7,6,1
20251,2,5,2
20250,8,3,9
20249,7,0,0
20248,9,6,2
20247,9,8,0
20246,5,2,5
20245,8,9,5
20244,9,7,8
20243,0,8,2
20242,8,2,8
20241,0,4,9
20240,8,6,1
20239,8,2,1
20238,2,7,5
20237,5,2,4
20236,9,9,8
20235,2,8,4
20234,6,1,0
20233,3,9,3
20232,0,5,6
20231,1,1,5
20230,5,7,3
20229,9,1,1
20228,4,3,0
20227,1,8,8
20226,2,0,0
20225,0,2,7
20224,9,3,9
20223,2,3,1
20222,5,2,8
20221,4,4,2
20220,2,9,3
20219,0,2,0
20218,6,4,8
20217,7,1,9
20216,6,2,3
20215,7,9,7
20214,8,6,0
20213,7,3,6
20212,5,5,9
20211,4,6,3
20210,3,2,6
20209,2,0,7
20208,8,1,1
20207,3,7,8
20206,6,1,1
20205,6,8,1
20204,0,7,4
20203,6,7,7
20202,2,6,0
20201,8,1,6
20200,0,2,3
20199,7,0,8
20198,6,1,2
20197,4,2,9
20196,8,4,1
20195,8,3,9
20194,4,3,6
20193,3,0,9
20192,8,4,9
20191,9,3,6
20190,7,3,3
20189,9,1,7
20188,2,9,4
20187,1,4,3
20186,5,4,7
20185,1,9,7
20184,5,5,5
20183,8,6,6
20182,9,1,3
20181,2,9,3
20180,1,2,7
20179,0,6,9
20178,3,3,7
20177,4,8,1
20176,9,6,2
20175,9,4,4
20174,2,9,4
20173,3,1,7
20172,6,0,3
20171,2,4,3
20170,6,5,0
20169,1,2,2
20168,7,8,6
20167,8,4,1
20166,3,4,3
20165,0,5,9
20164,4,8,4
20163,2,3,0
20162,6,2,8
20161,7,0,4
20160,9,2,0
20159,4,8,1
20158,2,6,6
20157,7,6,4
20156,0,9,8
20155,0,1,2
20154,8,1,0
20153,0,6,6
20152,6,9,8
20151,8,0,0
20150,3,7,3
20149,3,3,4
20148,9,6,4
20147,0,7,9
20146,8,8,0
20145,8,4,6
20144,6,1,0
20143,8,5,4
20142,7,1,3
20141,8,3,3
20140,5,1,5
20139,9,5,6
20138,0,0,4
20137,1,0,2
20136,5,5,2
20135,6,0,3
20134,7,5,3
20133,0,7,7
20132,8,7,9
20131,3,5,8
20130,9,6,8
20129,0,1,1
20128,0,8,6
20127,3,2,5
20126,4,9,4
20125,6,6,0
20124,6,2,9
20123,2,4,8
20122,6,3,9
20121,7,1,8
20120,2,4,2
20119,1,6,0
20118,2,0,4
20117,8,3,4
20116,9,3,4
20115,5,5,2
20114,0,6,5
20113,0,7,5
20112,4,2,1
20111,6,7,5
20110,2,8,2
20109,3,1,7
20108,2,6,7
20107,1,9,8
20106,4,4,0
20105,5,9,8
20104,2,9,5
20103,9,0,4
20102,8,7,7
20101,2,6,7
20100,0,6,4
20099,7,9,8
20098,4,4,9
20097,9,3,5
20096,7,1,8
20095,4,2,5
20094,3,2,8
20093,7,3,0
20092,6,1,6
20091,5,9,9
20090,5,5,9
20089,0,8,7
20088,5,5,1
20087,3,4,3
20086,9,7,2
20085,8,3,5
20084,5,6,7
20083,0,9,6
20082,8,8,9
20081,2,6,2
20080,3,8,4
20079,1,0,3
20078,3,5,6
20077,2,1,3
20076,8,6,4
20075,5,8,5
20074,2,2,4
20073,6,6,9
20072,7,9,0
20071,3,8,4
20070,8,0,4
20069,7,8,8
20068,4,1,0
20067,4,7,7
20066,2,6,2
20065,1,9,9
20064,3,5,2
20063,5,3,1
20062,3,1,8
20061,1,5,2
20060,4,9,0
20059,0,1,9
20058,2,2,8
20057,0,5,7
20056,5,7,8
20055,6,5,9
20054,0,8,7
20053,5,8,8
20052,2,2,3
20051,7,5,3
20050,5,9,3
20049,7,1,0
20048,8,5,4
20047,8,0,9
20046,3,2,4
20045,0,3,1
20044,1,2,0
20043,0,7,0
20042,2,7,4
20041,7,0,5
20040,3,8,9
20039,8,4,6
20038,7,3,9
20037,1,2,0
20036,3,0,1
20035,3,2,8
20034,4,7,3
20033,7,6,7
20032,6,8,8
20031,9,3,7
20030,7,1,9
20029,3,9,5
20028,5,1,3
20027,2,3,9
20026,7,0,5
20025,4,2,4
20024,6,1,4
20023,0,6,1
20022,6,3,4
20021,9,6,4
20020,1,6,6
20019,9,7,3
20018,5,8,5
20017,7,2,8
20016,4,0,2
20015,3,2,2
20014,1,6,1
20013,0,8,1
20012,3,1,3
20011,4,5,9
20010,0,1,1
20009,2,0,8
20008,1,8,8
20007,3,0,9
20006,0,8,3
20005,5,6,9
20004,4,9,8
20003,8,9,3
20002,1,6,1
20001,2,0,2
19351,9,7,7
19350,8,1,8
19349,3,3,8
19348,0,5,5
19347,5,4,9
19346,5,8,9
19345,8,7,4
19344,0,8,7
19343,9,5,2
19342,1,7,8
19341,0,3,0
19340,3,8,3
19339,9,0,1
19338,5,4,7
19337,4,0,7
19336,2,3,4
19335,3,6,9
19334,9,7,2
19333,3,8,3
19332,2,5,4
19331,8,6,0
19330,3,9,7
19329,4,1,2
19328,5,9,6
19327,7,7,0
19326,2,0,9
19325,7,4,4
19324,3,7,3
19323,8,3,0
19322,9,7,2
19321,5,9,3
19320,7,8,7
19319,3,3,1
19318,3,1,9
19317,4,2,3
19316,4,8,1
19315,4,5,1
19314,2,0,0
19313,2,4,1
19312,5,7,6
19311,1,1,4
19310,7,5,4
19309,3,5,4
19308,6,7,5
19307,0,2,7
19306,6,4,7
19305,4,8,2
19304,6,6,3
19303,6,6,9
19302,7,4,4
19301,3,7,9
19300,5,3,7
19299,5,7,8
19298,5,5,5
19297,5,2,5
19296,8,7,0
19295,3,3,5
19294,7,5,8
19293,5,9,9
19292,4,8,6
19291,6,7,6
19290,4,8,5
19289,2,4,9
19288,7,8,9
19287,3,3,7
19286,7,7,4
19285,0,7,1
19284,9,9,2
19283,0,4,9
19282,6,2,6
19281,0,0,5
19280,2,9,4
19279,1,7,7
19278,1,9,4
19277,7,3,7
19276,8,1,8
19275,2,8,7
19274,1,0,2
19273,8,2,2
19272,0,1,4
19271,9,5,1
19270,6,0,1
19269,8,5,4
19268,0,8,1
19267,0,3,5
19266,4,6,1
19265,5,9,0
19264,6,6,9
19263,9,8,4
19262,7,8,5
19261,8,6,5
19260,1,6,2
19259,4,3,2
19258,5,1,1
19257,8,7,1
19256,4,7,4
19255,2,7,2
19254,6,1,8
19253,6,3,9
19252,4,1,6
19251,2,7,2
19250,1,7,1
19249,6,2,9
19248,3,1,1
19247,4,8,9
19246,4,2,7
19245,5,9,5
19244,0,9,0
19243,5,1,1
19242,8,9,2
19241,3,8,5
19240,8,9,4
19239,4,9,1
19238,4,1,0
19237,8,0,8
19236,0,2,1
19235,4,2,2
19234,2,4,5
19233,5,3,1
19232,7,7,2
19231,9,3,5
19230,6,3,0
19229,9,4,8
19228,9,7,8
19227,8,2,3
19226,3,9,6
19225,3,9,1
19224,0,9,3
19223,5,3,4
19222,9,0,9
19221,7,9,6
19220,3,2,9
19219,3,8,2
19218,6,4,9
19217,1,2,3
19216,6,5,8
19215,8,7,6
19214,9,2,1
19213,7,2,8
19212,7,7,2
19211,5,9,0
19210,7,7,3
19209,8,6,5
19208,8,5,7
19207,1,1,7
19206,9,1,7
19205,1,8,7
19204,5,6,2
19203,1,0,3
19202,8,2,3
19201,2,3,2
19200,4,7,1
19199,4,7,6
19198,2,5,7
19197,6,2,2
19196,6,4,5
19195,6,8,9
19194,3,1,8
19193,6,5,2
19192,7,2,9
19191,2,5,0
19190,1,7,0
19189,8,9,0
19188,3,1,6
19187,8,9,9
19186,5,4,7
19185,4,3,6
19184,4,4,9
19183,8,3,2
19182,7,6,1
19181,3,0,6
19180,2,4,8
19179,7,6,1
19178,7,7,4
19177,2,3,2
19176,0,9,6
19175,3,8,9
19174,3,9,9
19173,8,8,4
19172,7,5,2
19171,4,4,3
19170,3,6,4
19169,0,4,1
19168,7,0,3
19167,3,0,7
19166,8,6,5
19165,1,1,2
19164,7,9,7
19163,4,9,3
19162,6,1,0
19161,9,9,7
19160,4,6,5
19159,1,9,6
19158,7,2,1
19157,3,1,2
19156,6,5,9
19155,0,8,1
19154,3,7,8
19153,0,6,0
19152,2,8,5
19151,5,7,5
19150,9,6,6
19149,8,8,0
19148,1,9,1
19147,5,3,4
19146,3,7,4
19145,0,8,8
19144,4,8,9
19143,5,8,1
19142,0,8,3
19141,0,0,4
19140,1,5,4
19139,4,0,6
19138,0,0,7
19137,7,7,6
19136,9,3,9
19135,0,9,4
19134,4,1,9
19133,1,9,7
19132,5,9,3
19131,6,2,7
19130,7,2,5
19129,5,4,0
19128,0,6,4
19127,2,8,0
19126,1,8,9
19125,4,8,5
19124,2,7,0
19123,4,7,1
19122,6,9,2
19121,8,8,2
19120,9,1,1
19119,2,1,1
19118,6,2,0
19117,3,5,8
19116,8,2,4
19115,0,0,8
19114,9,4,9
19113,4,7,2
19112,5,4,5
19111,4,8,6
19110,3,0,3
19109,9,8,3
19108,3,0,9
19107,2,1,4
19106,3,8,4
19105,4,5,8
19104,4,6,1
19103,3,4,5
19102,0,5,6
19101,5,6,1
19100,3,8,8
19099,4,6,1
19098,5,4,9
19097,0,7,1
19096,9,1,2
19095,1,1,4
19094,0,8,8
19093,5,2,5
19092,5,1,2
19091,0,3,5
19090,7,8,5
19089,3,8,2
19088,3,8,1
19087,0,5,8
19086,3,4,9
19085,6,1,2
19084,3,0,2
19083,0,5,8
19082,5,9,5
19081,9,5,4
19080,3,1,6
19079,0,8,7
19078,2,3,9
19077,5,1,4
19076,2,1,4
19075,4,2,9
19074,8,4,2
19073,7,0,9
19072,9,2,1
19071,2,0,5
19070,7,5,5
19069,7,9,3
19068,5,5,0
19067,5,7,9
19066,2,5,7
19065,4,3,2
19064,7,5,2
19063,2,1,1
19062,8,4,8
19061,2,8,8
19060,2,3,9
19059,1,0,4
19058,4,1,7
19057,8,6,8
19056,2,5,2
19055,1,8,2
19054,3,7,4
19053,3,6,4
19052,5,7,7
19051,3,3,7
19050,8,1,1
19049,6,3,2
19048,1,6,1
19047,3,6,3
19046,2,3,1
19045,3,7,7
19044,1,0,5
19043,6,0,3
19042,3,2,8
19041,1,3,0
19040,3,0,1
19039,0,6,6
19038,0,4,8
19037,6,9,9
19036,5,0,7
19035,5,7,5
19034,8,0,8
19033,3,4,2
19032,8,4,8
19031,7,1,2
19030,8,3,8
19029,2,5,3
19028,5,0,1
19027,6,1,3
19026,1,8,5
19025,1,6,2
19024,5,8,8
19023,6,6,1
19022,0,7,4
19021,6,6,2
19020,8,2,1
19019,9,9,9
19018,1,7,0
19017,1,4,7
19016,5,9,1
19015,4,2,4
19014,0,2,3
19013,2,2,3
19012,5,4,1
19011,4,9,2
19010,4,2,5
19009,6,6,8
19008,9,8,7
19007,7,5,1
19006,1,4,8
19005,0,6,2
19004,2,4,1
19003,5,4,2
19002,7,5,4
19001,3,2,2
18358,3,2,9
18357,9,2,2
18356,1,8,8
18355,3,7,8
18354,4,6,9
18353,6,9,1
18352,0,6,8
18351,3,1,8
18350,8,9,2
18349,4,9,4
18348,1,4,4
18347,4,7,1
18346,5,9,6
18345,4,7,8
18344,8,8,7
18343,9,7,4
18342,0,7,8
18341,0,3,0
18340,6,9,5
18339,8,4,1
18338,5,7,5
18337,5,5,8
18336,2,1,0
18335,3,5,9
18334,4,5,4
18333,8,3,6
18332,9,6,5
18331,4,5,8
18330,2,3,6
18329,6,0,1
18328,6,2,9
18327,0,6,8
18326,5,3,1
18325,6,4,4
18324,0,3,4
18323,2,6,5
18322,4,3,4
18321,8,2,9
18320,3,2,9
18319,4,0,8
18318,3,4,6
18317,2,9,9
18316,7,3,1
18315,7,7,3
18314,8,6,7
18313,3,8,3
18312,1,1,5
18311,8,6,4
18310,3,6,7
18309,7,4,3
18308,4,1,2
18307,6,4,8
18306,0,0,0
18305,1,9,0
18304,0,2,0
18303,6,0,8
18302,1,9,9
18301,9,0,1
18300,0,9,4
18299,4,8,9
18298,2,5,3
18297,4,6,1
18296,0,3,0
18295,1,6,8
18294,8,3,2
18293,1,5,1
18292,4,5,9
18291,6,3,9
18290,5,3,5
18289,9,1,3
18288,2,7,4
18287,0,5,1
18286,9,3,1
18285,0,8,0
18284,8,5,8
18283,8,9,9
18282,7,8,0
18281,1,0,6
18280,9,5,1
18279,6,4,5
18278,8,1,2
18277,0,2,5
18276,4,1,8
18275,3,9,3
18274,6,5,6
18273,6,2,4
18272,0,7,8
18271,7,7,5
18270,9,5,9
18269,4,2,6
18268,1,8,7
18267,1,0,5
18266,6,9,7
18265,1,8,0
18264,1,9,0
18263,4,5,2
18262,3,6,7
18261,3,5,2
18260,6,6,4
18259,1,4,9
18258,0,4,5
18257,6,0,3
18256,1,4,7
18255,7,1,0
18254,0,2,1
18253,8,5,2
18252,5,7,8
18251,0,3,0
18250,9,1,7
18249,2,8,9
18248,9,3,9
18247,3,0,3
18246,9,1,6
18245,0,5,1
18244,6,4,9
18243,7,9,0
18242,0,9,7
18241,1,7,0
18240,4,9,2
18239,8,3,7
18238,3,9,2
18237,1,5,7
18236,7,0,3
18235,5,8,4
18234,5,0,5
18233,1,1,1
18232,5,3,1
18231,5,1,6
18230,7,6,4
18229,4,4,3
18228,8,2,9
18227,0,8,8
18226,9,2,9
18225,6,4,8
18224,7,9,1
18223,1,9,7
18222,3,2,3
18221,5,9,8
18220,2,0,8
18219,8,7,1
18218,8,7,7
18217,8,5,6
18216,8,9,0
18215,9,3,9
18214,8,1,7
18213,3,5,5
18212,5,1,5
18211,8,9,3
18210,9,5,6
18209,1,0,0
18208,1,7,5
18207,0,0,6
18206,2,6,7
18205,2,9,8
18204,7,1,3
18203,2,1,6
18202,2,2,4
18201,6,2,9
18200,5,9,8
18199,4,4,2
18198,8,9,3
18197,1,3,3
18196,3,3,2
18195,4,8,4
18194,6,0,5
18193,3,8,2
18192,9,3,9
18191,3,4,0
18190,0,3,1
18189,2,6,9
18188,0,6,8
18187,5,0,7
18186,3,5,0
18185,6,9,6
18184,2,6,1
18183,8,4,4
18182,4,0,0
18181,5,7,3
18180,4,3,3
18179,7,1,3
18178,5,2,8
18177,2,2,2
18176,2,0,7
18175,6,1,2
18174,0,1,9
18173,2,4,2
18172,2,4,7
18171,2,9,7
18170,1,2,7
18169,7,1,6
18168,2,7,5
18167,1,3,2
18166,0,6,1
18165,3,0,2
18164,6,1,0
18163,5,7,0
18162,2,6,0
18161,4,7,3
18160,1,0,8
18159,2,9,4
18158,3,0,0
18157,2,0,9
18156,3,2,2
18155,1,6,0
18154,0,3,1
18153,0,8,3
18152,4,6,9
18151,6,9,4
18150,6,7,5
18149,8,7,1
18148,8,1,9
18147,0,3,8
18146,6,2,3
18145,5,2,3
18144,0,1,9
18143,3,2,2
18142,9,4,9
18141,2,7,9
18140,6,8,0
18139,8,2,8
18138,1,5,3
18137,1,7,7
18136,0,6,4
18135,0,8,6
18134,2,9,9
18133,4,1,4
18132,4,7,0
18131,5,4,8
18130,9,8,9
18129,9,8,2
18128,2,2,9
18127,2,9,7
18126,4,7,8
18125,3,2,8
18124,1,4,1
18123,8,3,0
18122,1,3,7
18121,5,1,4
18120,4,4,2
18119,5,0,5
18118,7,8,6
18117,8,3,6
18116,8,2,0
18115,1,8,0
18114,8,8,7
18113,7,9,8
18112,2,5,6
18111,8,1,7
18110,7,4,6
18109,3,3,1
18108,0,1,0
18107,9,4,7
18106,9,6,0
18105,8,4,5
18104,7,6,7
18103,7,9,6
18102,9,3,8
18101,7,9,8
18100,8,3,0
18099,3,3,2
18098,3,9,4
18097,3,0,4
18096,4,7,5
18095,8,9,4
18094,7,3,4
18093,5,5,3
18092,1,5,3
18091,0,7,1
18090,9,4,2
18089,7,7,3
18088,2,1,2
18087,8,2,7
18086,3,9,1
18085,3,3,4
18084,5,5,4
18083,7,5,2
18082,5,7,4
18081,9,4,8
18080,7,4,9
18079,7,3,8
18078,2,9,4
18077,1,3,7
18076,3,2,8
18075,3,4,2
18074,9,4,1
18073,7,4,8
18072,4,1,2
18071,5,0,3
18070,8,9,0
18069,1,4,1
18068,9,1,1
18067,1,7,1
18066,2,2,6
18065,2,3,8
18064,2,3,4
18063,8,2,0
18062,8,3,6
18061,1,3,4
18060,7,7,4
18059,7,5,5
18058,4,9,7
18057,2,5,2
18056,4,4,6
18055,0,4,3
18054,6,6,3
18053,8,2,7
18052,9,5,8
18051,4,2,4
18050,7,8,0
18049,8,1,8
18048,4,4,4
18047,0,8,8
18046,5,5,1
18045,0,0,9
18044,2,3,7
18043,0,7,9
18042,5,3,7
18041,4,1,1
18040,4,7,8
18039,1,2,5
18038,9,4,7
18037,7,6,8
18036,6,9,3
18035,7,5,2
18034,2,6,3
18033,8,7,0
18032,8,6,0
18031,5,2,5
18030,7,5,3
18029,7,9,0
18028,3,1,3
18027,4,8,9
18026,4,7,6
18025,5,4,3
18024,5,0,6
18023,9,3,6
18022,6,5,6
18021,7,2,6
18020,9,2,1
18019,7,6,0
18018,1,7,4
18017,9,9,0
18016,3,7,4
18015,7,3,9
18014,1,6,1
18013,6,0,6
18012,4,3,7
18011,9,7,2
18010,1,6,7
18009,4,9,6
18008,4,4,7
18007,0,8,0
18006,8,6,9
18005,3,9,1
18004,4,1,6
18003,1,4,5
18002,6,4,4
18001,1,7,7
17358,9,5,1
17357,8,0,9
17356,9,5,2
17355,3,8,4
17354,1,8,7
17353,3,0,4
17352,9,9,4
17351,2,6,0
17350,1,2,8
17349,1,5,6
17348,0,8,7
17347,0,3,7
17346,1,0,3
17345,3,4,4
17344,3,6,5
17343,7,5,2
17342,3,8,6
17341,7,2,2
17340,1,1,2
17339,1,3,1
17338,2,7,9
17337,9,1,0
17336,3,4,0
17335,6,6,1
17334,1,8,1
17333,4,2,7
17332,3,2,1
17331,0,9,8
17330,3,8,5
17329,5,3,5
17328,6,2,1
17327,1,4,5
17326,7,2,3
17325,5,0,9
17324,8,2,8
17323,5,7,2
17322,1,7,3
17321,4,3,5
17320,0,3,6
17319,9,3,9
17318,8,8,3
17317,1,0,3
17316,2,0,2
17315,2,4,3
17314,5,8,0
17313,3,0,6
17312,5,9,8
17311,9,0,0
17310,7,6,1
17309,2,6,2
17308,8,9,1
17307,6,2,3
17306,1,2,5
17305,0,0,5
17304,4,4,4
17303,4,5,8
17302,9,0,2
17301,6,1,6
17300,7,5,4
17299,6,8,5
17298,0,9,9
17297,8,1,0
17296,3,1,8
17295,5,5,4
17294,4,1,8
17293,7,8,7
17292,9,4,6
17291,6,9,4
17290,4,2,3
17289,7,4,4
17288,7,5,6
17287,0,9,4
17286,4,8,1
17285,9,7,7
17284,6,1,8
17283,1,5,4
17282,3,0,2
17281,8,0,8
17280,7,9,7
17279,2,6,2
17278,0,5,7
17277,0,7,6
17276,0,9,3
17275,9,6,5
17274,9,4,6
17273,3,8,0
17272,9,2,1
17271,5,5,0
17270,1,4,1
17269,0,4,5
17268,3,1,7
17267,7,1,4
17266,1,5,1
17265,3,0,9
17264,6,8,0
17263,3,3,5
17262,3,9,1
17261,6,3,5
17260,9,2,9
17259,4,8,7
17258,8,7,1
17257,2,2,3
17256,1,3,2
17255,9,4,8
17254,9,1,5
17253,7,7,8
17252,1,7,8
17251,1,5,1
17250,8,5,6
17249,3,6,1
17248,8,4,9
17247,9,4,5
17246,1,1,1
17245,6,2,3
17244,8,3,2
17243,3,3,5
17242,8,9,3
17241,9,3,9
17240,5,1,7
17239,6,0,5
17238,9,2,1
17237,2,1,0
17236,5,1,5
17235,1,5,6
17234,4,6,6
17233,1,8,7
17232,8,4,4
17231,4,2,0
17230,6,7,4
17229,4,8,7
17228,3,8,9
17227,2,4,7
17226,3,3,5
17225,4,8,8
17224,6,3,4
17223,4,9,6
17222,7,0,7
17221,4,4,7
17220,6,4,3
17219,4,9,3
17218,5,7,3
17217,7,9,6
17216,8,7,1
17215,2,1,2
17214,4,2,3
17213,7,2,7
17212,0,0,2
17211,1,1,6
17210,9,1,1
17209,3,9,1
17208,1,0,8
17207,6,9,7
17206,3,7,5
17205,6,4,9
17204,2,3,2
17203,2,4,3
17202,4,6,1
17201,4,4,5
17200,9,3,5
17199,3,3,0
17198,7,5,4
17197,5,9,4
17196,4,3,6
17195,3,1,9
17194,6,2,5
17193,8,8,0
17192,2,7,9
17191,9,7,8
17190,4,4,6
17189,9,6,0
17188,2,0,9
17187,8,3,1
17186,9,6,7
17185,3,7,0
17184,1,2,9
17183,4,0,9
17182,9,7,5
17181,4,8,4
17180,5,8,6
17179,0,6,6
17178,3,0,3
17177,6,7,0
17176,6,0,2
17175,3,7,6
17174,9,6,0
17173,7,1,2
17172,4,9,6
17171,1,9,0
17170,5,4,4
17169,6,4,4
17168,1,7,5
17167,7,9,5
17166,6,4,4
17165,3,3,0
17164,4,4,7
17163,7,5,9
17162,8,1,4
17161,8,3,0
17160,9,4,6
17159,1,2,3
17158,0,8,3
17157,8,1,8
17156,0,0,7
17155,0,0,4
17154,2,1,5
17153,8,8,5
17152,8,0,2
17151,0,7,8
17150,5,2,9
17149,9,8,7
17148,1,5,2
17147,3,3,1
17146,9,4,2
17145,5,9,1
17144,2,3,9
17143,1,7,7
17142,0,1,3
17141,6,0,4
17140,2,0,4
17139,3,6,0
17138,0,2,0
17137,1,2,2
17136,5,1,0
17135,5,2,5
17134,6,9,7
17133,1,6,6
17132,3,0,5
17131,9,1,9
17130,5,8,9
17129,3,6,5
17128,4,5,2
17127,7,3,9
17126,2,5,8
17125,2,5,5
17124,0,8,1
17123,4,9,2
17122,4,8,6
17121,0,5,4
17120,4,5,8
17119,5,2,2
17118,4,9,9
17117,2,9,9
17116,2,1,3
17115,5,6,7
17114,6,8,1
17113,1,5,7
17112,6,8,6
17111,6,5,8
17110,8,1,5
17109,0,3,0
17108,7,2,7
17107,9,5,1
17106,4,0,2
17105,8,4,6
17104,7,8,2
17103,0,4,4
17102,0,5,9
17101,3,9,0
17100,8,1,3
17099,9,9,6
17098,2,2,8
17097,8,0,6
17096,8,0,9
17095,3,2,3
17094,0,9,8
17093,5,8,0
17092,7,5,9
17091,6,7,6
17090,2,8,3
17089,3,8,9
17088,5,6,1
17087,2,3,7
17086,9,4,4
17085,7,2,2
17084,8,3,6
17083,5,6,4
17082,5,5,3
17081,2,1,0
17080,1,8,8
17079,4,8,5
17078,6,3,3
17077,6,3,4
17076,3,8,9
17075,9,0,0
17074,6,5,6
17073,0,3,1
17072,9,4,8
17071,8,4,2
17070,3,3,3
17069,9,4,6
17068,2,1,7
17067,3,8,2
17066,8,4,8
17065,5,5,2
17064,1,6,5
17063,7,6,8
17062,8,8,7
17061,1,9,8
17060,5,4,6
17059,6,6,2
17058,7,3,0
17057,9,2,1
17056,2,3,2
17055,3,6,6
17054,7,0,2
17053,9,2,1
17052,1,5,9
17051,4,4,4
17050,3,0,7
17049,6,6,5
17048,1,6,4
17047,2,8,3
17046,8,8,7
17045,7,3,5
17044,1,3,8
17043,5,0,8
17042,1,4,9
17041,9,8,2
17040,3,9,5
17039,5,9,8
17038,8,2,3
17037,3,8,0
17036,4,7,2
17035,8,9,0
17034,8,9,5
17033,7,8,5
17032,7,3,8
17031,5,0,2
17030,8,9,6
17029,8,0,4
17028,9,5,5
17027,3,2,5
17026,0,8,1
17025,2,7,7
17024,0,4,3
17023,2,3,7
17022,6,7,7
17021,8,7,4
17020,5,2,6
17019,8,4,4
17018,3,9,7
17017,8,9,7
17016,7,9,6
17015,6,8,6
17014,4,2,8
17013,0,3,9
17012,0,5,9
17011,4,8,6
17010,2,6,1
17009,3,1,7
17008,5,9,7
17007,6,9,2
17006,4,2,6
17005,3,4,2
17004,6,1,6
17003,3,7,4
17002,7,5,8
17001,0,9,2
16359,8,9,6
16358,1,4,3
16357,2,2,2
16356,1,8,0
16355,7,1,9
16354,5,3,3
16353,4,5,3
16352,4,2,4
16351,4,7,5
16350,5,1,9
16349,1,5,4
16348,7,5,7
16347,5,8,9
16346,1,0,0
16345,5,6,2
16344,1,0,3
16343,8,0,7
16342,6,3,3
16341,0,3,9
16340,6,4,8
16339,5,4,8
16338,4,0,1
16337,5,2,8
16336,1,5,0
16335,5,3,8
16334,3,5,5
16333,9,7,5
16332,4,4,5
16331,6,7,3
16330,5,6,4
16329,9,5,1
16328,8,6,5
16327,6,5,6
16326,3,6,3
16325,6,6,8
16324,1,7,3
16323,8,4,0
16322,2,7,1
16321,6,0,6
16320,3,4,9
16319,4,1,9
16318,1,4,2
16317,8,8,6
16316,2,1,4
16315,4,9,7
16314,2,3,5
16313,3,1,4
16312,6,6,4
16311,8,4,1
16310,7,9,4
16309,2,2,5
16308,1,2,6
16307,5,8,6
16306,7,4,0
16305,3,6,8
16304,4,7,0
16303,7,5,1
16302,5,1,8
16301,8,8,8
16300,1,8,9
16299,5,1,7
16298,7,3,3
16297,8,5,3
16296,4,7,9
16295,3,9,2
16294,6,1,2
16293,8,0,4
16292,2,4,0
16291,1,9,6
16290,6,3,1
16289,7,3,6
16288,4,3,0
16287,8,9,0
16286,6,2,3
16285,7,2,8
16284,4,6,7
16283,0,0,4
16282,8,2,8
16281,1,3,6
16280,8,0,2
16279,5,0,6
16278,2,3,2
16277,5,8,4
16276,9,6,4
16275,8,2,0
16274,9,0,5
16273,5,8,3
16272,1,9,6
16271,8,7,5
16270,0,4,2
16269,2,2,1
16268,0,7,6
16267,1,4,1
16266,6,4,0
16265,6,9,5
16264,6,7,1
16263,1,1,0
16262,3,5,8
16261,9,9,4
16260,0,3,8
16259,3,9,6
16258,9,6,1
16257,3,8,9
16256,1,3,7
16255,3,3,5
16254,6,5,2
16253,6,9,1
16252,4,5,9
16251,3,0,6
16250,1,6,2
16249,9,7,3
16248,7,2,7
16247,8,8,2
16246,7,8,2
16245,3,8,9
16244,1,5,3
16243,4,1,6
16242,7,5,2
16241,3,2,0
16240,6,3,9
16239,5,8,5
16238,5,4,3
16237,2,8,4
16236,2,6,3
16235,4,5,0
16234,9,7,6
16233,5,6,8
16232,9,1,6
16231,2,8,5
16230,5,6,6
16229,0,4,2
16228,8,6,5
16227,3,9,7
16226,0,1,6
16225,6,3,6
16224,6,5,6
16223,0,6,3
16222,4,2,5
16221,6,1,2
16220,0,7,3
16219,0,4,7
16218,9,0,0
16217,4,4,9
16216,3,9,8
16215,7,8,7
16214,7,0,9
16213,6,5,8
16212,6,9,3
16211,4,6,3
16210,3,0,5
16209,2,9,9
16208,2,8,4
16207,7,7,5
16206,7,8,8
16205,4,3,5
16204,2,4,4
16203,0,4,4
16202,5,8,4
16201,3,7,4
16200,5,8,3
16199,5,1,0
16198,2,8,9
16197,3,0,0
16196,3,3,9
16195,0,2,4
16194,5,5,7
16193,7,8,3
16192,3,2,5
16191,2,0,8
16190,0,2,6
16189,1,3,1
16188,8,4,2
16187,3,0,7
16186,8,1,1
16185,5,4,2
16184,3,5,9
16183,5,7,3
16182,2,0,0
16181,4,3,7
16180,6,3,2
16179,4,5,6
16178,9,0,0
16177,5,8,5
16176,7,6,5
16175,6,3,0
16174,1,1,1
16173,2,6,2
16172,7,6,0
16171,0,5,8
16170,4,0,9
16169,1,9,6
16168,9,0,0
16167,9,6,9
16166,4,1,2
16165,5,7,1
16164,7,2,3
16163,9,7,0
16162,7,0,8
16161,8,4,5
16160,6,5,7
16159,8,3,5
16158,6,1,7
16157,6,0,3
16156,3,1,6
16155,9,9,9
16154,7,1,2
16153,6,2,2
16152,1,2,5
16151,6,1,6
16150,1,1,4
16149,7,5,7
16148,7,8,7
16147,9,7,6
16146,1,4,5
16145,0,1,4
16144,5,6,8
16143,1,1,2
16142,3,4,7
16141,7,2,0
16140,6,5,6
16139,1,8,8
16138,1,3,3
16137,9,6,6
16136,6,6,5
16135,1,4,4
16134,9,2,3
16133,7,1,1
16132,4,9,1
16131,6,6,5
16130,2,4,7
16129,4,0,5
16128,7,4,4
16127,9,9,7
16126,0,6,3
16125,2,0,1
16124,8,5,6
16123,1,4,7
16122,4,3,6
16121,5,6,4
16120,8,7,7
16119,1,3,9
16118,3,6,9
16117,9,4,5
16116,4,8,8
16115,0,0,2
16114,2,1,8
16113,2,9,7
16112,6,1,1
16111,4,7,6
16110,7,7,2
16109,0,7,1
16108,2,3,6
16107,2,4,0
16106,0,3,7
16105,6,1,1
16104,2,1,9
16103,7,6,2
16102,8,8,5
16101,6,0,3
16100,0,3,7
16099,3,3,2
16098,9,8,2
16097,1,1,1
16096,4,1,0
16095,8,6,9
16094,9,6,0
16093,9,8,2
16092,2,7,3
16091,1,3,3
16090,8,6,7
16089,9,8,3
16088,5,4,7
16087,9,1,7
16086,0,6,5
16085,9,9,7
16084,0,2,3
16083,2,3,4
16082,7,4,8
16081,1,5,0
16080,6,7,0
16079,3,9,0
16078,4,6,7
16077,7,8,2
16076,6,0,6
16075,6,3,7
16074,9,5,1
16073,9,7,2
16072,2,9,9
16071,5,3,0
16070,7,8,9
16069,9,9,5
16068,0,1,3
16067,4,4,5
16066,4,5,5
16065,0,1,6
16064,4,5,5
16063,4,9,1
16062,4,7,7
16061,6,7,5
16060,6,8,6
16059,0,7,8
16058,1,1,9
16057,7,6,4
16056,6,6,5
16055,3,2,3
16054,7,3,6
16053,4,4,7
16052,7,9,2
16051,1,0,2
16050,1,4,0
16049,6,1,8
16048,3,3,7
16047,1,3,2
16046,1,2,6
16045,6,1,2
16044,0,1,2
16043,9,4,4
16042,7,2,9
16041,7,2,0
16040,0,4,7
16039,5,0,3
16038,8,2,3
16037,6,2,4
16036,2,5,8
16035,0,5,1
16034,1,0,2
16033,0,0,2
16032,5,5,5
16031,4,5,7
16030,9,8,8
16029,2,2,5
16028,2,6,2
16027,7,2,9
16026,4,0,3
16025,5,0,0
16024,0,9,1
16023,0,4,1
16022,7,4,4
16021,4,0,2
16020,6,9,3
16019,8,8,3
16018,6,4,6
16017,8,6,1
16016,8,4,1
16015,6,8,6
16014,9,2,5
16013,0,1,9
16012,5,3,0
16011,4,6,1
16010,8,2,3
16009,6,4,8
16008,9,6,7
16007,1,7,4
16006,1,0,1
16005,4,3,9
16004,5,4,3
16003,5,7,3
16002,5,6,7
16001,8,2,8
15358,0,0,9
15357,4,3,2
15356,3,9,7
15355,8,7,1
15354,3,9,1
15353,3,4,9
15352,9,1,8
15351,9,7,4
15350,8,1,3
15349,7,5,0
15348,8,7,8
15347,1,4,5
15346,7,0,1
15345,2,9,3
15344,2,5,3
15343,5,8,0
15342,5,9,6
15341,6,6,4
15340,8,2,8
15339,9,9,7
15338,9,0,9
15337,9,1,3
15336,6,5,8
15335,5,6,2
15334,0,5,2
15333,3,8,8
15332,6,9,0
15331,7,8,0
15330,0,5,6
15329,6,7,5
15328,4,9,7
15327,4,2,9
15326,8,7,5
15325,9,2,9
15324,7,9,3
15323,1,6,9
15322,6,4,4
15321,8,3,6
15320,8,8,4
15319,6,1,9
15318,3,4,9
15317,8,1,2
15316,0,2,1
15315,7,5,0
15314,0,6,5
15313,5,5,5
15312,4,3,5
15311,2,3,3
15310,2,5,7
15309,0,0,3
15308,3,7,9
15307,0,6,9
15306,2,1,7
15305,5,4,9
15304,2,7,1
15303,4,4,1
15302,6,4,2
15301,4,4,9
15300,8,4,5
15299,6,2,7
15298,5,9,4
15297,4,4,0
15296,9,0,5
15295,3,0,5
15294,0,4,1
15293,4,3,2
15292,2,9,6
15291,1,2,0
15290,0,6,4
15289,5,2,9
15288,8,4,2
15287,0,5,0
15286,0,7,4
15285,4,2,1
15284,6,3,2
15283,2,3,4
15282,4,9,2
15281,0,9,0
15280,9,8,8
15279,2,1,7
15278,0,1,1
15277,4,8,3
15276,8,9,1
15275,9,3,4
15274,3,0,6
15273,2,5,4
15272,4,1,9
15271,9,7,9
15270,1,1,5
15269,2,5,8
15268,8,0,8
15267,6,5,2
15266,0,8,4
15265,9,2,5
15264,1,7,3
15263,2,1,6
15262,2,5,2
15261,8,3,3
15260,2,5,8
15259,9,5,2
15258,3,7,4
15257,0,2,3
15256,1,5,6
15255,4,3,0
15254,3,4,3
15253,2,9,2
15252,4,5,1
15251,4,9,4
15250,7,1,3
15249,4,6,1
15248,2,5,1
15247,0,6,5
15246,7,7,8
15245,9,8,7
15244,3,5,0
15243,0,0,8
15242,6,7,8
15241,6,5,1
15240,6,8,9
15239,9,3,1
15238,1,2,7
15237,3,0,4
15236,9,1,0
15235,4,6,5
15234,4,3,6
15233,9,8,3
15232,5,3,2
15231,5,0,9
15230,7,2,7
15229,9,9,1
15228,3,1,2
15227,4,4,2
15226,4,4,0
15225,8,5,9
15224,6,4,1
15223,3,8,7
15222,4,3,8
15221,7,8,1
15220,3,2,8
15219,1,9,2
15218,2,3,2
15217,2,4,2
15216,2,5,4
15215,1,5,4
15214,1,9,0
15213,0,5,5
15212,6,1,4
15211,9,5,1
15210,7,2,8
15209,7,2,7
15208,3,5,3
15207,3,3,8
15206,8,8,1
15205,2,1,2
15204,0,6,8
15203,6,4,7
15202,3,9,5
15201,0,6,3
15200,9,3,4
15199,8,6,7
15198,3,1,3
15197,4,0,2
15196,8,6,2
15195,9,4,6
15194,2,7,7
15193,7,0,2
15192,6,6,6
15191,5,1,4
15190,6,8,8
15189,7,6,2
15188,3,1,9
15187,0,5,8
15186,7,8,5
15185,7,9,8
15184,2,9,1
15183,6,5,3
15182,7,8,4
15181,8,6,8
15180,0,2,0
15179,5,3,5
15178,7,2,0
15177,0,7,0
15176,7,6,2
15175,6,1,6
15174,9,3,4
15173,5,3,7
15172,4,0,6
15171,4,1,0
15170,9,0,0
15169,1,6,0
15168,7,4,4
15167,3,5,6
15166,5,3,3
15165,3,8,9
15164,3,9,2
15163,6,4,6
15162,0,7,6
15161,6,6,2
15160,1,7,3
15159,7,2,2
15158,7,6,3
15157,0,8,4
15156,9,7,3
15155,4,0,5
15154,2,2,4
15153,0,8,8
15152,6,8,1
15151,4,5,5
15150,7,7,5
15149,0,8,4
15148,1,6,1
15147,0,7,5
15146,3,1,8
15145,6,2,7
15144,0,5,4
15143,2,4,0
15142,2,9,6
15141,9,2,9
15140,6,7,7
15139,8,1,1
15138,4,7,3
15137,2,2,9
15136,8,8,4
15135,0,2,7
15134,1,5,6
15133,9,5,6
15132,3,9,3
15131,7,7,4
15130,5,1,2
15129,2,3,2
15128,8,9,2
15127,0,8,1
15126,2,1,1
15125,5,4,4
15124,5,1,3
15123,5,9,0
15122,6,7,5
15121,6,4,0
15120,8,7,4
15119,6,1,4
15118,2,7,3
15117,7,6,0
15116,7,6,8
15115,6,2,3
15114,3,1,0
15113,7,7,7
15112,9,7,1
15111,9,7,2
15110,8,2,4
15109,6,4,9
15108,8,6,5
15107,7,1,0
15106,6,8,8
15105,7,0,0
15104,9,8,6
15103,4,9,9
15102,3,9,5
15101,6,3,3
15100,5,3,6
15099,7,7,1
15098,4,1,3
15097,6,8,8
15096,2,1,8
15095,2,3,7
15094,5,4,6
15093,6,0,2
15092,7,0,3
15091,7,9,5
15090,6,8,4
15089,6,5,4
15088,1,0,8
15087,0,1,3
15086,9,3,0
15085,4,1,6
15084,9,4,1
15083,0,1,3
15082,2,5,5
15081,6,0,3
15080,3,2,0
15079,5,2,8
15078,1,1,4
15077,9,6,5
15076,9,3,7
15075,4,2,3
15074,4,4,1
15073,9,4,2
15072,7,9,3
15071,7,5,9
15070,4,1,8
15069,9,8,6
15068,5,5,9
15067,7,1,8
15066,2,0,8
15065,6,9,6
15064,5,2,7
15063,1,3,8
15062,0,6,8
15061,9,1,8
15060,4,4,7
15059,0,2,4
15058,8,8,9
15057,7,7,9
15056,8,1,3
15055,9,6,9
15054,0,6,3
15053,7,4,7
15052,5,9,8
15051,9,5,1
15050,0,3,9
15049,2,5,1
15048,0,8,5
15047,8,0,0
15046,3,0,5
15045,5,7,7
15044,7,2,5
15043,7,5,1
15042,2,3,2
15041,5,3,8
15040,4,6,6
15039,5,4,8
15038,9,2,2
15037,1,5,1
15036,8,7,1
15035,6,7,4
15034,0,4,9
15033,9,8,6
15032,4,1,3
15031,5,2,4
15030,8,2,0
15029,9,2,7
15028,3,5,7
15027,2,8,1
15026,8,3,3
15025,3,8,1
15024,6,0,6
15023,4,9,6
15022,7,5,8
15021,3,3,9
15020,2,1,6
15019,9,1,4
15018,8,3,1
15017,8,8,0
15016,2,9,0
15015,8,4,5
15014,4,0,3
15013,4,1,2
15012,8,6,4
15011,3,1,8
15010,8,6,2
15009,5,7,4
15008,6,1,3
15007,0,3,9
15006,9,4,7
15005,6,9,3
15004,1,4,2
15003,5,2,4
15002,7,4,9
15001,3,9,7
14357,3,6,2
14356,7,8,6
14355,9,5,0
14354,0,6,9
14353,3,5,5
14352,0,6,0
14351,6,8,8
14350,2,6,6
14349,6,6,1
14348,1,6,8
14347,9,8,2
14346,2,0,4
14345,5,1,2
14344,0,9,7
14343,6,8,7
14342,9,7,6
14341,7,1,1
14340,1,2,9
14339,5,8,9
14338,3,9,8
14337,6,6,2
14336,7,5,3
14335,9,0,1
14334,3,9,4
14333,6,9,5
14332,6,6,6
14331,7,1,3
14330,7,8,0
14329,3,5,9
14328,5,4,3
14327,3,5,4
14326,8,8,1
14325,0,3,7
14324,5,8,9
14323,8,2,6
14322,9,6,9
14321,6,5,2
14320,2,3,6
14319,6,9,6
14318,5,9,4
14317,0,5,9
14316,3,7,1
14315,1,5,3
14314,7,9,5
14313,4,0,2
14312,3,7,7
14311,2,9,6
14310,4,8,9
14309,3,8,2
14308,1,8,0
14307,2,9,6
14306,1,3,1
14305,0,0,4
14304,7,5,0
14303,0,7,8
14302,8,6,2
14301,5,2,4
14300,2,9,0
14299,5,3,2
14298,2,8,0
14297,8,8,8
14296,3,9,9
14295,7,9,4
14294,8,1,5
14293,3,5,9
14292,8,4,1
14291,4,8,8
14290,4,3,3
14289,0,4,8
14288,2,4,5
14287,2,7,5
14286,9,8,8
14285,8,2,6
14284,0,1,8
14283,3,4,3
14282,5,9,0
14281,7,9,4
14280,1,3,1
14279,5,9,2
14278,7,3,9
14277,5,1,3
14276,4,9,7
14275,2,8,6
14274,4,7,5
14273,5,8,5
14272,4,1,7
14271,7,7,0
14270,6,5,8
14269,0,3,2
14268,7,4,0
14267,1,4,9
14266,5,0,6
14265,4,5,9
14264,1,0,7
14263,8,5,7
14262,2,1,9
14261,4,1,2
14260,3,6,6
14259,1,1,0
14258,4,5,2
14257,6,6,6
14256,7,7,1
14255,6,9,1
14254,9,2,4
14253,4,4,1
14252,5,5,7
14251,4,2,1
14250,1,7,7
14249,8,1,0
14248,4,4,1
14247,2,2,9
14246,2,2,2
14245,6,1,9
14244,3,0,2
14243,7,9,9
14242,2,4,5
14241,8,5,8
14240,8,6,4
14239,7,2,4
14238,4,1,9
14237,6,8,5
14236,8,4,1
14235,7,4,8
14234,0,7,1
14233,9,2,1
14232,6,1,4
14231,4,6,3
14230,0,8,3
14229,4,7,4
14228,2,4,3
14227,3,2,6
14226,1,9,3
14225,7,9,2
14224,6,9,6
14223,8,0,4
14222,5,0,4
14221,2,7,2
14220,4,4,9
14219,2,9,5
14218,8,0,8
14217,1,3,7
14216,0,3,3
14215,6,0,9
14214,2,1,4
14213,7,7,5
14212,0,5,6
14211,2,0,5
14210,4,0,5
14209,7,1,2
14208,7,7,8
14207,1,4,7
14206,9,0,6
14205,9,0,7
14204,5,6,4
14203,4,1,1
14202,4,7,5
14201,8,3,4
14200,0,2,5
14199,2,5,1
14198,8,9,3
14197,9,7,4
14196,4,6,0
14195,8,4,0
14194,0,4,6
14193,5,1,3
14192,5,3,9
14191,7,5,7
14190,5,3,7
14189,5,5,0
14188,3,0,2
14187,3,2,6
14186,6,0,5
14185,4,5,2
14184,5,2,3
14183,7,7,4
14182,7,5,3
14181,7,2,7
14180,7,5,9
14179,2,6,4
14178,9,0,9
14177,5,8,0
14176,0,3,4
14175,6,9,1
14174,4,0,9
14173,8,8,8
14172,9,5,9
14171,6,3,0
14170,2,5,7
14169,1,0,4
14168,1,9,8
14167,7,6,5
14166,0,9,9
14165,1,5,2
14164,9,9,3
14163,3,0,2
14162,7,2,9
14161,5,5,0
14160,9,2,8
14159,0,9,0
14158,3,7,0
14157,0,7,9
14156,1,5,9
14155,2,1,3
14154,2,6,8
14153,3,0,8
14152,0,2,8
14151,9,8,7
14150,0,2,8
14149,6,8,9
14148,2,9,5
14147,1,4,2
14146,8,1,8
14145,4,1,5
14144,8,6,5
14143,6,7,5
14142,6,5,6
14141,8,1,0
14140,7,6,6
14139,1,3,8
14138,3,8,7
14137,5,5,8
14136,2,6,8
14135,1,4,4
14134,6,3,3
14133,0,0,6
14132,3,5,1
14131,5,9,4
14130,0,1,4
14129,0,8,8
14128,2,1,5
14127,2,2,7
14126,8,4,8
14125,1,4,7
14124,3,9,5
14123,8,3,1
14122,2,0,3
14121,5,8,0
14120,2,4,4
14119,9,0,4
14118,1,9,4
14117,8,9,5
14116,9,0,6
14115,1,6,5
14114,2,1,4
14113,7,5,8
14112,0,1,3
14111,9,0,5
14110,4,7,5
14109,6,5,2
14108,1,6,8
14107,6,3,9
14106,0,8,2
14105,4,9,0
14104,5,7,6
14103,8,3,2
14102,7,5,0
14101,1,0,9
14100,2,6,9
14099,4,6,4
14098,1,3,9
14097,7,7,4
14096,2,1,6
14095,7,7,5
14094,1,8,9
14093,1,9,6
14092,5,0,8
14091,4,9,6
14090,8,3,8
14089,6,6,0
14088,5,7,1
14087,8,4,4
14086,7,9,5
14085,2,4,3
14084,9,8,7
14083,0,9,3
14082,3,2,4
14081,2,0,6
14080,5,8,7
14079,7,9,4
14078,4,6,7
14077,7,4,7
14076,3,8,2
14075,4,1,4
14074,5,0,0
14073,0,4,2
14072,4,8,8
14071,2,9,2
14070,1,1,9
14069,0,6,4
14068,1,0,2
14067,3,1,8
14066,0,0,3
14065,2,9,0
14064,2,1,8
14063,4,7,8
14062,3,8,2
14061,2,2,5
14060,9,3,2
14059,4,2,9
14058,3,2,2
14057,5,0,1
14056,6,7,8
14055,8,0,7
14054,7,2,5
14053,8,1,2
14052,0,3,2
14051,5,3,6
14050,4,2,4
14049,9,0,8
14048,8,6,1
14047,8,9,8
14046,5,8,4
14045,7,4,7
14044,3,5,4
14043,5,0,1
14042,3,6,3
14041,7,2,5
14040,9,0,1
14039,9,2,2
14038,2,9,1
14037,1,8,5
14036,1,0,4
14035,4,6,7
14034,5,1,8
14033,9,4,9
14032,2,6,6
14031,8,9,1
14030,4,0,5
14029,6,0,5
14028,4,4,0
14027,7,2,7
14026,1,0,7
14025,2,0,7
14024,2,2,4
14023,6,4,9
14022,6,0,3
14021,3,5,4
14020,1,8,2
14019,4,3,0
14018,0,2,1
14017,0,7,1
14016,9,8,2
14015,1,7,5
14014,5,3,5
14013,6,0,0
14012,9,0,2
14011,5,3,7
14010,4,1,6
14009,6,1,8
14008,1,3,4
14007,4,2,4
14006,3,4,4
14005,1,2,1
14004,9,2,9
14003,6,1,2
14002,3,7,5
14001,9,6,3
13358,9,8,8
13357,1,5,4
13356,8,0,0
13355,0,3,0
13354,9,9,7
13353,5,8,9
13352,4,5,4
13351,2,1,1
13350,0,5,2
13349,8,3,3
13348,5,6,6
13347,7,9,7
13346,7,6,7
13345,0,6,7
13344,1,1,0
13343,6,6,1
13342,2,5,4
13341,1,5,6
13340,4,1,4
13339,9,5,8
13338,5,4,9
13337,3,2,6
13336,1,6,6
13335,8,5,2
13334,4,3,9
13333,6,6,5
13332,7,2,6
13331,1,8,9
13330,8,9,3
13329,3,5,8
13328,9,0,1
13327,7,7,5
13326,3,3,1
13325,7,7,5
13324,1,6,9
13323,5,2,5
13322,1,5,7
13321,8,0,0
13320,3,8,8
13319,9,1,8
13318,7,8,0
13317,4,5,5
13316,8,3,2
13315,4,9,7
13314,7,0,0
13313,7,1,3
13312,4,6,9
13311,6,9,4
13310,8,7,3
13309,3,0,8
13308,2,5,7
13307,5,9,8
13306,1,2,0
13305,2,3,8
13304,0,1,4
13303,8,2,0
13302,3,1,6
13301,3,7,6
13300,1,9,2
13299,0,8,7
13298,3,3,7
13297,3,8,9
13296,5,5,7
13295,8,2,0
13294,7,3,2
13293,4,2,1
13292,9,4,9
13291,5,5,6
13290,6,6,3
13289,6,0,7
13288,9,2,6
13287,9,0,9
13286,2,4,7
13285,5,7,1
13284,8,5,4
13283,3,1,4
13282,9,0,1
13281,9,9,7
13280,5,7,5
13279,9,0,0
13278,3,9,3
13277,4,5,3
13276,8,4,5
13275,1,6,5
13274,6,9,5
13273,4,1,8
13272,6,9,0
13271,7,9,1
13270,2,5,3
13269,3,0,5
13268,8,3,1
13267,9,1,5
13266,9,2,6
13265,8,2,1
13264,0,3,5
13263,5,2,1
13262,4,3,3
13261,5,6,3
13260,8,5,4
13259,0,4,4
13258,9,3,0
13257,6,2,7
13256,2,8,6
13255,0,1,5
13254,8,3,8
13253,6,8,7
13252,9,7,8
13251,6,5,9
13250,7,1,4
13249,6,9,0
13248,4,7,7
13247,6,7,3
13246,2,7,4
13245,3,0,4
13244,6,4,2
13243,4,8,1
13242,5,1,1
13241,8,6,6
13240,7,5,1
13239,6,9,2
13238,6,9,5
13237,6,8,2
13236,5,5,7
13235,9,0,9
13234,5,6,5
13233,4,2,2
13232,6,4,7
13231,0,5,9
13230,4,5,2
13229,2,9,0
13228,7,5,6
13227,5,5,9
13226,0,8,3
13225,9,5,2
13224,0,0,0
13223,5,7,1
13222,6,0,5
13221,6,0,9
13220,3,0,0
13219,5,2,7
13218,1,4,7
13217,8,9,8
13216,0,0,5
13215,5,4,1
13214,7,7,9
13213,3,3,8
13212,1,4,3
13211,7,3,4
13210,5,3,9
13209,5,6,2
13208,4,2,1
13207,9,5,9
13206,1,7,3
13205,8,4,3
13204,4,9,9
13203,0,3,1
13202,1,3,7
13201,2,2,8
13200,4,6,8
13199,6,6,1
13198,5,5,3
13197,2,8,0
13196,6,6,6
13195,5,0,0
13194,5,0,8
13193,7,7,5
13192,5,5,6
13191,4,7,3
13190,1,5,7
13189,2,9,5
13188,6,5,4
13187,2,6,6
13186,5,9,2
13185,2,8,6
13184,8,2,9
13183,4,5,2
13182,6,5,8
13181,1,5,3
13180,6,6,9
13179,5,1,1
13178,6,2,4
13177,3,9,6
13176,6,4,1
13175,6,5,2
13174,2,6,1
13173,3,8,4
13172,2,1,9
13171,0,2,7
13170,4,7,8
13169,2,7,3
13168,8,4,4
13167,3,4,1
13166,4,4,4
13165,5,8,1
13164,9,5,1
13163,1,4,2
13162,1,9,9
13161,1,3,3
13160,0,3,6
13159,5,5,4
13158,4,7,0
13157,5,8,8
13156,1,2,8
13155,0,9,6
13154,9,5,4
13153,2,7,0
13152,4,3,8
13151,8,7,6
13150,0,3,6
13149,9,3,6
13148,8,0,3
13147,6,2,2
13146,7,2,1
13145,2,8,0
13144,1,5,2
13143,8,6,2
13142,9,1,4
13141,4,6,2
13140,8,5,7
13139,0,3,2
13138,0,4,0
13137,1,0,2
13136,5,6,8
13135,3,4,9
13134,2,6,0
13133,0,2,2
13132,1,0,4
13131,3,9,2
13130,0,4,3
13129,0,8,6
13128,0,8,2
13127,5,3,9
13126,6,3,0
13125,4,4,3
13124,3,6,3
13123,0,5,7
13122,8,7,7
13121,5,6,5
13120,2,9,0
13119,0,9,9
13118,4,0,5
13117,8,2,9
13116,0,4,7
13115,9,8,8
13114,2,4,6
13113,5,9,3
13112,6,0,6
13111,1,8,1
13110,1,6,4
13109,0,6,2
13108,3,2,0
13107,7,6,0
13106,5,1,1
13105,8,2,0
13104,8,4,5
13103,9,7,9
13102,8,6,2
13101,2,3,8
13100,7,6,4
13099,0,7,8
13098,2,4,9
13097,4,9,3
13096,3,4,2
13095,5,0,2
13094,5,0,2
13093,4,7,3
13092,6,9,1
13091,0,2,2
13090,1,4,3
13089,0,3,0
13088,8,0,6
13087,0,0,7
13086,6,7,9
13085,5,2,7
13084,1,2,5
13083,7,5,2
13082,5,4,6
13081,8,4,2
13080,2,3,7
13079,1,5,4
13078,6,6,6
13077,9,1,1
13076,5,4,5
13075,9,5,4
13074,8,5,8
13073,0,4,3
13072,3,3,0
13071,0,4,0
13070,1,4,9
13069,1,1,9
13068,2,4,4
13067,0,4,4
13066,1,5,8
13065,2,2,2
13064,4,6,5
13063,8,8,2
13062,1,4,3
13061,1,0,6
13060,5,3,0
13059,9,5,4
13058,2,4,8
13057,6,3,9
13056,4,8,1
13055,0,5,3
13054,7,3,2
13053,2,1,2
13052,6,4,2
13051,6,5,2
13050,2,2,1
13049,7,2,8
13048,2,6,3
13047,0,7,2
13046,4,4,6
13045,2,9,9
13044,7,3,1
13043,5,3,0
13042,0,9,1
13041,9,8,6
13040,8,9,8
13039,9,1,1
13038,8,0,6
13037,3,6,5
13036,9,2,1
13035,4,4,6
13034,6,9,0
13033,3,2,5
13032,8,9,8
13031,5,9,3
13030,3,5,4
13029,7,2,2
13028,0,7,2
13027,4,9,0
13026,8,9,5
13025,3,2,2
13024,8,5,9
13023,6,7,2
13022,7,4,4
13021,7,1,9
13020,9,6,3
13019,5,6,7
13018,8,2,4
13017,3,5,9
13016,7,0,8
13015,6,4,7
13014,2,6,6
13013,2,9,2
13012,7,6,0
13011,6,1,8
13010,6,8,8
13009,5,7,4
13008,5,9,9
13007,6,2,6
13006,8,5,3
13005,4,6,8
13004,1,8,4
13003,7,2,4
13002,5,9,9
13001,5,2,4
12359,1,4,6
12358,0,1,2
12357,1,1,1
12356,4,6,2
12355,3,6,9
12354,1,8,3
12353,4,6,9
12352,9,4,4
12351,9,9,2
12350,8,9,6
12349,0,4,1
12348,8,2,1
12347,4,1,9
12346,4,3,7
12345,3,9,0
12344,4,8,8
12343,7,2,2
12342,4,9,2
12341,4,7,2
12340,6,5,4
12339,2,7,4
12338,3,3,1
12337,4,6,2
12336,5,5,7
12335,8,9,3
12334,5,2,4
12333,0,2,5
12332,8,2,2
12331,0,8,9
12330,2,1,9
12329,6,1,1
12328,8,1,4
12327,4,4,6
12326,8,9,6
12325,1,0,4
12324,8,8,8
12323,8,9,9
12322,1,7,6
12321,1,3,3
12320,0,0,9
12319,0,5,1
12318,8,3,6
12317,1,7,7
12316,7,0,8
12315,0,0,7
12314,6,2,4
12313,1,3,8
12312,0,5,6
12311,6,4,4
12310,6,4,4
12309,2,8,7
12308,2,9,9
12307,6,8,7
12306,3,3,7
12305,7,2,1
12304,4,1,9
12303,5,8,5
12302,3,4,3
12301,5,7,9
12300,9,5,4
12299,0,8,7
12298,8,3,3
12297,8,1,4
12296,4,8,9
12295,2,9,5
12294,1,3,7
12293,0,8,6
12292,2,0,3
12291,0,2,1
12290,9,7,4
12289,8,8,4
12288,5,7,6
12287,2,3,1
12286,0,4,4
12285,6,0,5
12284,5,6,0
12283,1,5,4
12282,0,1,0
12281,0,9,6
12280,0,6,3
12279,9,5,4
12278,6,6,3
12277,9,1,1
12276,1,7,9
12275,3,6,1
12274,5,6,7
12273,7,0,6
12272,9,7,3
12271,6,5,6
12270,5,2,1
12269,1,5,3
12268,6,3,0
12267,4,4,6
12266,1,0,0
12265,8,6,5
12264,0,9,2
12263,4,3,6
12262,5,0,6
12261,6,8,6
12260,4,5,7
12259,0,8,1
12258,7,9,4
12257,3,5,5
12256,0,9,2
12255,4,0,4
12254,6,7,9
12253,8,9,3
12252,8,9,2
12251,1,0,8
12250,9,9,9
12249,5,7,5
12248,9,4,0
12247,1,1,4
12246,5,7,1
12245,2,3,2
12244,4,5,3
12243,1,4,5
12242,9,6,8
12241,5,0,2
12240,0,6,3
12239,0,7,1
12238,0,9,7
12237,0,4,9
12236,9,2,9
12235,4,6,0
12234,6,1,1
12233,2,5,0
12232,1,4,7
12231,7,6,3
12230,6,4,4
12229,4,6,1
12228,0,8,1
12227,7,2,1
12226,0,1,0
12225,4,5,3
12224,5,4,0
12223,3,6,0
12222,2,4,0
12221,3,3,5
12220,0,9,9
12219,9,3,5
12218,1,7,0
12217,8,7,1
12216,7,7,5
12215,0,3,8
12214,3,2,1
12213,6,8,1
12212,1,4,4
12211,4,2,7
12210,5,7,4
12209,2,2,7
12208,7,5,7
12207,7,9,0
12206,6,0,8
12205,9,7,8
12204,3,6,1
12203,1,7,6
12202,1,0,2
12201,7,9,0
12200,2,8,2
12199,8,4,9
12198,1,1,2
12197,5,4,6
12196,9,9,3
12195,2,1,3
12194,1,5,9
12193,2,6,9
12192,5,7,6
12191,5,8,4
12190,3,1,3
12189,4,1,8
12188,6,3,8
12187,9,6,2
12186,6,7,3
12185,4,6,0
12184,1,6,9
12183,7,9,5
12182,4,5,6
12181,6,9,3
12180,9,9,0
12179,1,4,5
12178,3,5,7
12177,0,1,8
12176,4,0,0
12175,0,5,8
12174,2,1,8
12173,5,9,7
12172,4,3,7
12171,7,3,5
12170,7,8,8
12169,7,2,0
12168,6,5,1
12167,2,8,9
12166,8,6,2
12165,0,4,6
12164,7,1,8
12163,6,9,3
12162,2,4,3
12161,5,3,2
12160,9,7,0
12159,9,5,7
12158,7,7,2
12157,5,9,9
12156,4,4,0
12155,8,9,5
12154,2,0,6
12153,3,8,3
12152,7,3,9
12151,6,1,3
12150,5,9,8
12149,9,4,0
12148,5,2,4
12147,5,6,8
12146,7,2,8
12145,8,5,6
12144,2,7,8
12143,9,9,0
12142,9,6,7
12141,2,5,0
12140,0,4,4
12139,7,1,9
12138,3,8,4
12137,8,8,2
12136,7,2,0
12135,5,6,9
12134,0,4,9
12133,6,3,8
12132,6,2,6
12131,5,8,6
12130,2,1,1
12129,9,2,1
12128,1,7,8
12127,2,0,5
12126,2,8,1
12125,6,7,8
12124,9,0,1
12123,6,2,2
12122,4,7,4
12121,6,7,0
12120,4,6,9
12119,8,3,6
12118,8,0,4
12117,0,4,2
12116,4,7,1
12115,0,2,9
12114,0,7,9
12113,4,3,2
12112,7,5,0
12111,4,6,1
12110,7,0,4
12109,2,4,1
12108,3,9,9
12107,2,6,9
12106,6,8,2
12105,5,4,2
12104,3,8,8
12103,2,7,3
12102,9,5,5
12101,3,7,7
12100,4,8,9
12099,1,0,5
12098,6,1,1
12097,6,8,2
12096,7,4,9
12095,9,5,6
12094,6,0,8
12093,6,7,1
12092,7,3,9
12091,8,3,5
12090,6,8,2
12089,2,2,1
12088,5,3,5
12087,6,8,4
12086,7,1,6
12085,4,7,8
12084,2,3,8
12083,6,8,8
12082,9,9,0
12081,3,9,9
12080,7,7,2
12079,0,1,0
12078,6,6,0
12077,4,1,2
12076,0,7,8
12075,9,8,9
12074,2,7,6
12073,4,6,4
12072,9,9,8
12071,6,1,3
12070,3,0,0
12069,7,2,1
12068,9,2,5
12067,4,2,2
12066,0,8,4
12065,3,6,3
12064,8,3,1
12063,7,7,3
12062,3,5,0
12061,7,1,3
12060,4,2,4
12059,3,4,6
12058,2,5,9
12057,6,9,1
12056,1,4,3
12055,0,6,6
12054,0,5,7
12053,5,3,5
12052,8,4,1
12051,4,6,7
12050,7,7,8
12049,0,4,4
12048,8,3,3
12047,4,9,6
12046,3,7,3
12045,4,2,1
12044,6,8,3
12043,3,5,2
12042,8,4,1
12041,3,4,1
12040,8,1,8
12039,8,5,5
12038,5,2,8
12037,4,4,3
12036,0,3,4
12035,2,7,4
12034,7,4,1
12033,1,2,7
12032,5,0,3
12031,9,8,8
12030,6,6,5
12029,7,7,9
12028,6,8,9
12027,0,0,6
12026,8,3,3
12025,9,9,7
12024,3,3,4
12023,7,4,1
12022,6,4,4
12021,1,3,8
12020,0,1,9
12019,8,5,5
12018,4,6,5
12017,5,1,5
12016,7,6,5
12015,2,3,4
12014,0,8,5
12013,3,4,9
12012,4,1,3
12011,9,1,4
12010,0,3,9
12009,3,1,6
12008,8,2,4
12007,6,8,2
12006,3,6,4
12005,6,0,9
12004,9,8,9
12003,1,8,1
12002,4,0,9
12001,0,0,3
11358,7,2,5
11357,2,3,9
11356,4,7,0
11355,5,1,8
11354,3,0,1
11353,0,6,8
11352,1,4,2
11351,3,0,0
11350,9,2,7
11349,0,0,0
11348,2,2,7
11347,2,9,0
11346,4,9,4
11345,2,9,6
11344,3,6,0
11343,9,6,1
11342,2,0,4
11341,8,7,4
11340,9,7,3
11339,5,1,4
11338,8,8,8
11337,3,8,7
11336,7,4,7
11335,4,3,6
11334,8,0,3
11333,3,5,2
11332,8,9,7
11331,9,4,3
11330,8,8,8
11329,6,4,8
11328,8,1,1
11327,4,6,5
11326,0,9,2
11325,0,3,9
11324,1,5,6
11323,4,7,2
11322,3,6,8
11321,3,6,5
11320,8,7,0
11319,3,5,6
11318,4,1,3
11317,4,9,2
11316,5,3,8
11315,3,7,4
11314,7,8,3
11313,4,6,6
11312,3,6,5
11311,0,9,4
11310,8,2,5
11309,7,7,3
11308,6,6,9
11307,9,9,0
11306,6,2,6
11305,1,1,6
11304,3,2,2
11303,1,0,7
11302,4,9,6
11301,6,4,1
11300,8,2,2
11299,0,0,6
11298,0,9,9
11297,4,5,8
11296,8,3,3
11295,3,2,9
11294,9,5,9
11293,2,5,6
11292,3,9,3
11291,0,9,3
11290,6,0,4
11289,5,0,4
11288,6,2,9
11287,6,7,2
11286,2,3,1
11285,2,6,4
11284,2,0,5
11283,9,0,5
11282,8,9,3
11281,2,1,4
11280,8,7,5
11279,3,8,2
11278,9,5,1
11277,3,2,4
11276,8,8,0
11275,0,5,9
11274,3,5,9
11273,8,3,2
11272,9,4,6
11271,0,1,4
11270,1,5,5
11269,8,7,6
11268,3,7,8
11267,7,8,6
11266,4,9,8
11265,4,9,8
11264,3,7,9
11263,5,0,3
11262,9,2,5
11261,5,8,7
11260,6,5,3
11259,8,6,7
11258,3,7,0
11257,1,6,1
11256,9,8,5
11255,5,4,6
11254,8,5,3
11253,6,1,0
11252,4,3,2
11251,4,3,1
11250,3,4,3
11249,7,5,6
11248,4,4,2
11247,4,3,0
11246,0,1,4
11245,3,1,0
11244,9,6,2
11243,7,2,1
11242,9,6,7
11241,6,4,8
11240,0,8,6
11239,8,8,2
11238,0,1,3
11237,3,7,2
11236,7,3,7
11235,3,0,4
11234,0,9,3
11233,5,6,1
11232,9,2,3
11231,8,5,3
11230,8,7,4
11229,1,0,5
11228,3,2,4
11227,8,2,1
11226,6,3,2
11225,8,8,6
11224,4,7,8
11223,6,7,7
11222,4,3,5
11221,3,6,9
11220,6,0,4
11219,5,4,7
11218,9,0,5
11217,6,0,7
11216,5,0,6
11215,7,9,7
11214,2,5,4
11213,8,0,6
11212,3,3,1
11211,3,2,6
11210,9,7,6
11209,2,8,1
11208,6,1,5
11207,6,4,8
11206,8,5,2
11205,6,7,5
11204,5,8,7
11203,5,8,3
11202,6,3,3
11201,6,7,9
11200,7,6,9
11199,0,0,4
11198,6,6,8
11197,3,1,8
11196,7,0,8
11195,8,6,1
11194,8,8,9
11193,7,0,0
11192,8,1,2
11191,4,1,9
11190,1,2,5
11189,0,0,3
11188,7,6,8
11187,8,1,2
11186,7,7,5
11185,4,5,7
11184,0,3,9
11183,7,9,3
11182,2,6,2
11181,5,9,9
11180,5,5,3
11179,1,2,3
11178,1,9,0
11177,8,4,3
11176,5,7,2
11175,9,0,9
11174,3,1,0
11173,9,1,7
11172,2,6,6
11171,9,9,1
11170,3,5,3
11169,5,2,0
11168,2,9,7
11167,4,6,2
11166,8,2,6
11165,5,7,8
11164,6,8,9
11163,3,7,8
11162,2,3,9
11161,8,1,5
11160,7,1,3
11159,8,9,6
11158,1,0,4
11157,4,1,9
11156,2,4,1
11155,6,5,2
11154,7,6,5
11153,6,2,9
11152,9,7,4
11151,9,8,5
11150,8,6,5
11149,8,8,4
11148,5,8,9
11147,8,8,7
11146,3,7,9
11145,1,0,7
11144,1,2,4
11143,0,5,2
11142,8,8,9
11141,6,3,9
11140,8,0,7
11139,5,3,8
11138,9,0,7
11137,2,4,3
11136,3,9,6
11135,4,3,7
11134,4,1,9
11133,4,8,7
11132,6,5,2
11131,2,3,3
11130,0,5,9
11129,4,2,0
11128,7,3,3
11127,5,4,3
11126,2,9,9
11125,3,2,7
11124,7,7,4
11123,5,3,5
11122,0,3,3
11121,6,4,9
11120,9,8,3
11119,2,9,5
11118,0,7,5
11117,7,0,4
11116,7,4,0
11115,3,7,5
11114,3,9,8
11113,7,3,3
11112,0,9,8
11111,2,5,2
11110,3,5,1
11109,2,2,2
11108,3,3,0
11107,9,2,4
11106,6,5,0
11105,7,0,0
11104,5,8,9
11103,4,7,2
11102,9,0,9
11101,2,7,5
11100,2,3,2
11099,8,2,9
11098,1,8,7
11097,6,7,9
11096,0,9,7
11095,8,4,4
11094,1,5,9
11093,5,0,0
11092,7,4,9
11091,2,2,2
11090,0,8,7
11089,1,2,4
11088,6,7,0
11087,0,9,2
11086,9,4,1
11085,9,9,5
11084,2,5,2
11083,8,3,5
11082,1,7,1
11081,7,4,8
11080,9,4,3
11079,8,2,3
11078,5,4,4
11077,7,8,7
11076,6,6,7
11075,9,5,3
11074,7,8,4
11073,0,6,3
11072,7,9,9
11071,0,7,1
11070,8,9,2
11069,2,8,5
11068,5,0,0
11067,4,1,3
11066,0,7,9
11065,7,2,1
11064,6,9,0
11063,1,4,1
11062,6,2,8
11061,4,1,6
11060,1,4,4
11059,3,9,8
11058,6,6,4
11057,3,6,6
11056,6,0,9
11055,8,3,5
11054,7,6,0
11053,8,3,5
11052,5,0,9
11051,6,8,4
11050,0,6,7
11049,4,5,9
11048,6,2,1
11047,3,6,7
11046,9,0,9
11045,5,7,9
11044,4,1,6
11043,2,8,6
11042,3,3,7
11041,4,4,9
11040,1,1,7
11039,2,6,0
11038,0,1,6
11037,7,0,5
11036,1,6,3
11035,7,4,4
11034,4,8,9
11033,0,6,2
11032,3,4,9
11031,8,6,4
11030,4,9,3
11029,3,6,5
11028,1,3,4
11027,2,1,2
11026,7,9,7
11025,3,5,2
11024,4,8,7
11023,7,4,1
11022,0,0,8
11021,5,7,8
11020,5,7,8
11019,3,2,8
11018,9,0,3
11017,1,8,4
11016,8,1,6
11015,7,1,7
11014,8,1,0
11013,1,8,7
11012,6,8,7
11011,5,0,2
11010,9,1,7
11009,1,5,6
11008,5,3,4
11007,8,8,4
11006,3,5,9
11005,4,9,1
11004,5,5,0
11003,9,3,3
11002,6,7,6
11001,9,2,8
10358,3,1,1
10357,1,7,1
10356,8,6,8
10355,5,4,5
10354,1,6,7
10353,1,6,9
10352,1,1,2
10351,5,7,2
10350,8,9,0
10349,6,7,0
10348,4,8,4
10347,3,2,2
10346,3,8,3
10345,7,4,1
10344,3,3,2
10343,1,6,8
10342,3,7,6
10341,9,4,3
10340,0,9,4
10339,5,9,9
10338,7,5,4
10337,8,9,5
10336,8,7,8
10335,6,5,5
10334,3,5,4
10333,8,6,7
10332,4,2,4
10331,4,4,3
10330,6,8,1
10329,3,6,6
10328,8,5,3
10327,3,7,6
10326,1,5,9
10325,8,4,6
10324,1,2,7
10323,4,7,4
10322,8,4,0
10321,0,2,7
10320,2,8,3
10319,7,3,3
10318,4,5,4
10317,1,8,2
10316,3,2,9
10315,0,5,5
10314,6,7,5
10313,8,7,8
10312,1,3,8
10311,5,9,8
10310,3,8,7
10309,0,2,6
10308,2,3,2
10307,2,1,9
10306,4,0,5
10305,9,3,7
10304,3,3,2
10303,0,7,0
10302,0,9,1
10301,3,5,6
10300,5,9,6
10299,2,2,5
10298,7,8,6
10297,5,2,0
10296,4,4,8
10295,2,3,8
10294,0,4,0
10293,1,2,9
10292,1,2,2
10291,1,5,0
10290,3,9,9
10289,1,3,4
10288,4,6,0
10287,1,6,7
10286,9,6,0
10285,7,4,7
10284,2,1,0
10283,0,4,7
10282,5,3,8
10281,2,7,3
10280,1,5,2
10279,6,8,5
10278,1,8,8
10277,6,2,3
10276,2,8,0
10275,6,8,0
10274,4,1,1
10273,7,7,2
10272,6,7,0
10271,5,2,1
10270,1,1,7
10269,1,6,3
10268,5,9,3
10267,7,0,3
10266,2,3,5
10265,8,4,6
10264,4,4,5
10263,4,2,5
10262,1,8,5
10261,3,3,3
10260,8,8,1
10259,2,4,3
10258,9,5,8
10257,9,6,9
10256,1,7,9
10255,9,7,1
10254,3,5,8
10253,6,7,5
10252,2,9,9
10251,6,9,8
10250,0,8,2
10249,6,9,5
10248,2,0,4
10247,8,8,5
10246,5,3,0
10245,4,8,4
10244,4,8,2
10243,4,8,8
10242,0,9,5
10241,2,5,1
10240,3,3,1
10239,4,1,4
10238,6,8,7
10237,9,0,3
10236,1,7,3
10235,3,0,0
10234,3,7,9
10233,5,3,4
10232,1,9,5
10231,0,6,6
10230,8,5,4
10229,6,7,6
10228,9,4,7
10227,2,3,9
10226,5,0,4
10225,9,9,7
10224,6,7,4
10223,5,7,4
10222,1,4,0
10221,6,8,3
10220,2,9,5
10219,6,8,5
10218,2,4,5
10217,8,9,3
10216,8,2,4
10215,6,6,7
10214,1,2,4
10213,3,9,1
10212,7,8,5
10211,9,3,2
10210,8,0,9
10209,0,8,1
10208,4,6,7
10207,8,2,8
10206,3,5,3
10205,0,4,7
10204,0,3,6
10203,1,0,6
10202,0,5,3
10201,1,8,0
10200,2,0,6
10199,9,8,8
10198,4,6,6
10197,7,7,8
10196,0,5,2
10195,8,0,4
10194,1,4,8
10193,1,1,1
10192,6,1,3
10191,3,5,3
10190,7,5,7
10189,9,1,8
10188,6,8,1
10187,4,1,5
10186,2,8,4
10185,1,3,5
10184,8,2,0
10183,3,3,7
10182,9,4,7
10181,8,0,6
10180,0,8,8
10179,5,1,9
10178,3,5,6
10177,1,9,4
10176,7,7,0
10175,5,6,9
10174,8,4,1
10173,4,0,6
10172,2,3,9
10171,8,0,8
10170,7,3,9
10169,8,4,4
10168,6,7,7
10167,0,9,4
10166,7,8,6
10165,8,4,2
10164,6,8,4
10163,1,3,4
10162,0,1,3
10161,6,3,7
10160,8,7,8
10159,6,4,4
10158,4,8,0
10157,7,0,8
10156,1,3,8
10155,3,3,1
10154,0,6,9
10153,0,0,6
10152,9,9,7
10151,3,0,9
10150,1,0,1
10149,9,6,4
10148,2,7,8
10147,0,0,6
10146,8,1,4
10145,9,3,4
10144,8,6,6
10143,3,7,0
10142,2,6,1
10141,8,3,1
10140,6,3,4
10139,0,4,5
10138,7,2,8
10137,7,7,6
10136,9,2,6
10135,4,0,9
10134,3,5,8
10133,3,4,3
10132,5,4,5
10131,3,3,6
10130,3,9,5
10129,1,0,1
10128,9,1,3
10127,2,7,7
10126,4,8,3
10125,4,8,8
10124,4,7,3
10123,2,6,1
10122,8,3,2
10121,8,2,9
10120,2,1,9
10119,3,3,2
10118,9,6,8
10117,5,6,5
10116,5,0,3
10115,2,2,1
10114,1,3,0
10113,3,4,2
10112,3,7,7
10111,8,7,1
10110,8,1,3
10109,7,7,6
10108,1,3,0
10107,0,5,3
10106,6,9,7
10105,2,8,4
10104,2,4,4
10103,8,1,2
10102,8,8,8
10101,1,4,3
10100,7,1,8
10099,1,6,8
10098,9,3,6
10097,1,4,6
10096,0,5,9
10095,4,7,0
10094,9,5,8
10093,9,7,4
10092,3,0,5
10091,0,7,0
10090,5,9,0
10089,2,4,1
10088,6,0,8
10087,8,1,4
10086,9,6,8
10085,2,9,6
10084,9,2,2
10083,4,6,8
10082,5,0,8
10081,5,9,8
10080,2,6,4
10079,9,5,7
10078,0,4,9
10077,9,9,2
10076,2,7,1
10075,8,5,4
10074,3,4,9
10073,5,5,5
10072,9,7,0
10071,5,7,8
10070,6,6,9
10069,8,5,1
10068,5,9,7
10067,5,8,8
10066,3,6,0
10065,2,0,8
10064,2,6,8
10063,8,4,4
10062,1,4,6
10061,6,0,9
10060,5,7,0
10059,6,2,7
10058,4,1,1
10057,3,7,4
10056,5,3,4
10055,2,3,0
10054,7,9,6
10053,5,4,8
10052,2,0,4
10051,7,3,4
10050,7,3,5
10049,2,5,9
10048,1,2,1
10047,4,0,0
10046,9,6,1
10045,3,6,8
10044,4,1,5
10043,4,0,8
10042,6,0,1
10041,2,3,6
10040,4,0,1
10039,5,1,1
10038,5,9,6
10037,7,7,8
10036,5,6,8
10035,3,4,9
10034,5,6,9
10033,6,6,8
10032,0,9,3
10031,0,1,5
10030,8,0,2
10029,5,5,0
10028,8,9,4
10027,5,0,0
10026,6,8,5
10025,7,4,6
10024,8,3,7
10023,4,5,1
10022,5,7,0
10021,0,8,4
10020,1,7,0
10019,1,8,4
10018,4,3,6
10017,3,8,3
10016,1,0,8
10015,9,5,6
10014,3,9,4
10013,9,3,7
10012,0,8,0
10011,4,2,0
10010,9,2,9
10009,0,3,7
10008,6,4,5
10007,4,2,5
10006,5,2,7
10005,3,8,7
10004,2,3,2
10003,9,1,5
10002,9,8,1
10001,3,2,7
09358,8,2,3
09357,2,5,5
09356,7,8,4
09355,4,4,2
09354,0,7,5
09353,6,6,7
09352,6,2,2
09351,1,5,9
09350,3,3,5
09349,3,0,7
09348,8,2,7
09347,2,0,3
09346,1,5,1
09345,3,7,5
09344,5,3,1
09343,8,3,7
09342,7,8,2
09341,9,3,9
09340,6,8,0
09339,5,2,0
09338,9,7,0
09337,9,8,6
09336,8,3,2
09335,4,0,7
09334,4,8,0
09333,5,9,2
09332,0,5,1
09331,9,4,5
09330,6,7,4
09329,5,2,4
09328,4,1,7
09327,7,8,5
09326,6,0,0
09325,4,5,5
09324,2,7,8
09323,1,2,1
09322,2,2,6
09321,5,9,8
09320,6,8,6
09319,5,3,1
09318,8,2,7
09317,2,9,4
09316,4,8,9
09315,0,5,9
09314,8,8,0
09313,9,3,1
09312,3,3,2
09311,1,9,9
09310,4,7,7
09309,5,9,5
09308,1,0,8
09307,3,9,4
09306,5,4,7
09305,4,8,7
09304,5,2,6
09303,7,3,9
09302,6,1,7
09301,2,2,4
09300,7,5,4
09299,5,3,5
09298,5,6,6
09297,2,3,0
09296,6,4,6
09295,8,0,0
09294,2,7,8
09293,9,0,6
09292,9,6,6
09291,8,3,0
09290,1,3,9
09289,7,3,9
09288,2,0,1
09287,9,7,1
09286,1,8,4
09285,3,6,3
09284,4,8,8
09283,5,6,2
09282,2,4,1
09281,8,1,9
09280,4,0,4
09279,6,3,1
09278,0,8,9
09277,1,7,6
09276,5,2,1
09275,7,3,2
09274,0,7,2
09273,3,2,9
09272,6,3,1
09271,6,9,8
09270,4,7,5
09269,6,4,2
09268,0,7,3
09267,5,4,5
09266,0,8,9
09265,7,7,9
09264,3,3,2
09263,0,5,0
09262,5,2,1
09261,8,0,8
09260,8,6,1
09259,5,4,4
09258,2,0,6
09257,9,0,5
09256,8,7,7
09255,3,1,6
09254,3,1,9
09253,0,9,8
09252,9,9,0
09251,4,1,9
09250,3,6,2
09249,8,9,4
09248,2,0,4
09247,1,5,9
09246,2,2,0
09245,1,5,3
09244,6,4,7
09243,9,0,3
09242,8,8,4
09241,9,8,2
09240,3,7,8
09239,7,6,5
09238,3,6,2
09237,4,8,9
09236,4,5,1
09235,7,0,8
09234,7,3,4
09233,7,3,8
09232,5,4,8
09231,9,4,7
09230,3,2,3
09229,9,1,3
09228,6,0,8
09227,0,8,7
09226,4,6,8
09225,4,4,7
09224,9,6,7
09223,2,0,2
09222,5,5,7
09221,8,2,2
09220,4,1,6
09219,5,3,4
09218,8,4,8
09217,9,9,0
09216,1,8,3
09215,8,7,3
09214,5,0,2
09213,6,4,1
09212,4,8,2
09211,4,1,5
09210,0,1,3
09209,3,7,6
09208,2,5,6
09207,5,5,0
09206,3,6,0
09205,5,8,3
09204,1,2,9
09203,3,0,6
09202,2,0,4
09201,0,1,5
09200,7,1,1
09199,3,7,2
09198,3,5,1
09197,9,4,1
09196,4,3,9
09195,1,4,7
09194,5,6,1
09193,4,2,7
09192,9,3,7
09191,3,2,0
09190,4,5,1
09189,5,7,4
09188,8,5,3
09187,6,2,8
09186,7,6,7
09185,9,0,6
09184,9,0,5
09183,7,5,9
09182,8,9,8
09181,0,6,9
09180,9,0,6
09179,6,3,4
09178,9,9,3
09177,2,2,0
09176,5,1,2
09175,2,0,0
09174,6,8,5
09173,8,1,8
09172,9,4,0
09171,8,1,4
09170,5,4,5
09169,3,7,5
09168,1,0,8
09167,5,2,6
09166,9,3,2
09165,1,6,8
09164,5,5,2
09163,1,2,0
09162,6,7,4
09161,1,8,6
09160,6,2,2
09159,3,8,0
09158,1,4,8
09157,0,6,0
09156,9,0,6
09155,2,0,6
09154,3,2,5
09153,6,9,8
09152,6,3,8
09151,4,9,6
09150,0,0,4
09149,6,2,3
09148,3,4,1
09147,7,4,1
09146,1,8,3
09145,1,8,0
09144,9,7,3
09143,6,1,6
09142,1,4,7
09141,6,0,6
09140,2,8,1
09139,4,2,9
09138,6,3,3
09137,3,1,7
09136,7,8,5
09135,2,0,5
09134,4,4,0
09133,7,5,0
09132,9,9,0
09131,7,5,7
09130,0,6,2
09129,7,1,7
09128,5,1,5
09127,9,9,8
09126,3,0,6
09125,6,3,1
09124,9,4,5
09123,0,7,9
09122,3,5,5
09121,8,8,0
09120,1,0,7
09119,9,6,1
09118,7,6,3
09117,1,9,8
09116,3,3,0
09115,7,9,2
09114,3,0,1
09113,1,7,4
09112,4,2,2
09111,6,7,2
09110,9,4,4
09109,2,4,0
09108,4,0,8
09107,0,4,6
09106,2,0,3
09105,9,5,6
09104,4,7,3
09103,3,9,3
09102,8,9,2
09101,3,7,0
09100,3,3,5
09099,7,6,2
09098,8,6,7
09097,5,9,1
09096,3,5,1
09095,3,0,1
09094,7,9,9
09093,8,8,0
09092,9,2,0
09091,6,1,2
09090,2,1,4
09089,7,8,4
09088,8,0,9
09087,5,0,0
09086,8,0,6
09085,1,9,8
09084,5,7,8
09083,5,0,9
09082,0,3,8
09081,2,8,3
09080,7,9,9
09079,3,2,8
09078,4,9,3
09077,8,5,6
09076,3,7,6
09075,5,2,8
09074,1,6,1
09073,5,4,7
09072,4,7,9
09071,5,0,2
09070,8,4,3
09069,3,2,0
09068,4,1,5
09067,6,9,0
09066,4,7,1
09065,4,5,5
09064,4,6,6
09063,1,5,9
09062,6,7,5
09061,8,0,4
09060,4,1,1
09059,2,1,0
09058,4,3,7
09057,3,8,1
09056,7,9,7
09055,0,4,5
09054,5,4,9
09053,6,2,2
09052,9,2,6
09051,1,0,8
09050,6,9,8
09049,3,7,3
09048,1,3,6
09047,7,1,3
09046,8,0,2
09045,7,7,4
09044,7,3,3
09043,6,2,6
09042,3,1,3
09041,6,7,9
09040,7,3,6
09039,8,4,5
09038,6,3,5
09037,9,0,4
09036,0,3,2
09035,8,1,4
09034,2,3,5
09033,4,7,2
09032,9,8,1
09031,5,4,3
09030,1,0,3
09029,4,7,0
09028,3,3,5
09027,5,8,5
09026,6,6,9
09025,2,7,8
09024,5,1,8
09023,6,6,2
09022,9,1,4
09021,7,0,0
09020,4,6,1
09019,8,3,0
09018,8,8,6
09017,3,5,5
09016,9,7,7
09015,2,7,1
09014,2,9,9
09013,5,5,1
09012,9,6,1
09011,6,5,6
09010,8,6,2
09009,6,6,9
09008,2,4,3
09007,3,4,1
09006,6,5,9
09005,5,2,1
09004,5,0,2
09003,4,8,8
09002,6,1,4
09001,3,2,5
08359,2,1,0
08358,6,9,4
08357,2,8,3
08356,7,1,5
08355,4,8,7
08354,4,7,4
08353,3,7,5
08352,5,7,5
08351,1,6,3
08350,5,5,9
08349,0,8,3
08348,4,1,3
08347,7,9,0
08346,5,5,9
08345,9,2,3
08344,0,7,0
08343,6,1,4
08342,0,0,1
08341,3,5,1
08340,5,6,8
08339,4,5,2
08338,9,9,9
08337,0,1,7
08336,2,9,8
08335,6,2,8
08334,0,7,8
08333,8,8,5
08332,9,0,0
08331,3,7,6
08330,1,7,8
08329,4,2,2
08328,2,0,5
08327,5,5,3
08326,8,0,7
08325,0,8,7
08324,5,4,9
08323,4,6,1
08322,2,3,5
08321,9,9,1
08320,7,4,3
08319,8,8,1
08318,8,0,3
08317,3,8,1
08316,8,4,5
08315,8,8,7
08314,4,4,7
08313,9,7,1
08312,6,3,6
08311,0,7,1
08310,7,9,3
08309,2,5,0
08308,7,4,6
08307,4,5,3
08306,4,8,9
08305,0,1,0
08304,9,7,6
08303,3,9,3
08302,9,0,7
08301,0,2,0
08300,6,8,8
08299,0,7,8
08298,7,2,6
08297,9,4,1
08296,7,6,6
08295,9,4,4
08294,0,9,7
08293,0,9,9
08292,8,4,5
08291,4,9,7
08290,3,3,6
08289,1,4,1
08288,4,3,2
08287,6,7,1
08286,5,1,9
08285,3,4,3
08284,8,5,4
08283,8,0,6
08282,1,5,0
08281,2,1,2
08280,6,5,9
08279,8,9,4
08278,7,9,3
08277,6,2,1
08276,0,2,7
08275,1,2,2
08274,0,2,7
08273,0,7,7
08272,9,3,9
08271,3,5,0
08270,0,4,4
08269,1,1,9
08268,5,9,5
08267,8,5,1
08266,9,3,7
08265,7,2,8
08264,5,3,3
08263,0,4,0
08262,5,8,9
08261,0,1,0
08260,2,7,6
08259,5,8,5
08258,8,2,6
08257,7,5,7
08256,9,2,5
08255,4,7,8
08254,4,3,0
08253,2,0,5
08252,5,1,8
08251,5,9,6
08250,1,8,0
08249,1,5,7
08248,2,5,1
08247,3,6,0
08246,7,1,6
08245,7,7,0
08244,2,1,3
08243,9,3,9
08242,3,8,4
08241,5,6,9
08240,3,0,0
08239,4,4,3
08238,2,5,9
08237,1,1,4
08236,7,9,6
08235,3,7,2
08234,8,0,0
08233,0,2,6
08232,8,4,0
08231,6,3,5
08230,6,3,2
08229,1,9,4
08228,7,5,9
08227,5,8,7
08226,9,8,2
08225,3,5,4
08224,6,3,2
08223,9,9,6
08222,1,0,8
08221,3,9,8
08220,4,8,4
08219,4,9,2
08218,1,6,1
08217,0,5,4
08216,9,3,8
08215,7,3,5
08214,1,4,4
08213,8,6,0
08212,8,9,4
08211,1,9,4
08210,0,0,3
08209,6,1,9
08208,3,5,6
08207,0,6,0
08206,4,8,0
08205,0,5,6
08204,6,7,6
08203,7,9,9
08202,1,9,8
08201,7,4,3
08200,2,0,4
08199,4,8,1
08198,0,6,8
08197,3,5,7
08196,8,6,1
08195,2,8,2
08194,3,1,2
08193,6,0,8
08192,8,6,7
08191,1,3,4
08190,8,6,2
08189,0,8,5
08188,5,9,5
08187,9,0,5
08186,8,7,6
08185,0,6,4
08184,8,4,0
08183,3,6,9
08182,0,8,2
08181,3,9,3
08180,4,1,1
08179,1,2,2
08178,3,4,4
08177,1,0,4
08176,5,4,2
08175,5,1,6
08174,8,8,7
08173,6,1,5
08172,3,8,2
08171,7,3,2
08170,4,4,2
08169,9,9,7
08168,6,3,4
08167,4,6,2
08166,8,8,0
08165,2,3,0
08164,1,8,2
08163,3,0,7
08162,6,7,4
08161,7,6,7
08160,7,4,9
08159,6,0,4
08158,8,0,5
08157,7,4,9
08156,0,7,2
08155,3,5,7
08154,9,1,0
08153,6,6,6
08152,8,2,4
08151,6,7,3
08150,5,8,4
08149,9,1,6
08148,2,9,4
08147,8,9,7
08146,1,4,2
08145,0,2,4
08144,1,8,6
08143,8,5,8
08142,6,7,2
08141,5,1,6
08140,4,1,4
08139,7,5,9
08138,8,4,1
08137,0,6,2
08136,4,6,7
08135,9,6,4
08134,5,4,2
08133,2,8,6
08132,2,5,4
08131,6,4,3
08130,8,0,8
08129,8,6,0
08128,4,9,5
08127,8,6,1
08126,2,9,4
08125,2,8,8
08124,1,0,9
08123,8,3,4
08122,3,1,3
08121,1,1,8
08120,7,5,4
08119,8,7,4
08118,1,7,7
08117,9,9,9
08116,6,9,5
08115,8,8,8
08114,2,4,6
08113,1,1,2
08112,4,7,6
08111,8,9,1
08110,3,9,3
08109,5,1,8
08108,5,6,2
08107,3,5,0
08106,0,9,0
08105,5,2,5
08104,1,1,5
08103,2,6,2
08102,5,1,1
08101,2,3,6
08100,7,5,7
08099,9,5,2
08098,5,6,7
08097,9,2,1
08096,4,7,0
08095,0,6,3
08094,5,9,9
08093,6,8,8
08092,9,8,3
08091,6,4,0
08090,3,1,8
08089,0,5,4
08088,4,5,6
08087,7,2,6
08086,3,9,1
08085,0,1,0
08084,3,9,7
08083,9,0,9
08082,4,6,7
08081,7,9,8
08080,8,5,3
08079,7,3,7
08078,6,1,9
08077,6,7,4
08076,8,2,6
08075,5,9,7
08074,3,8,1
08073,8,2,4
08072,5,0,2
08071,3,4,6
08070,7,3,8
08069,6,0,8
08068,5,4,2
08067,9,2,1
08066,1,9,5
08065,3,6,6
08064,6,4,8
08063,8,3,0
08062,4,1,3
08061,4,3,8
08060,6,3,6
08059,4,5,7
08058,6,7,7
08057,3,2,0
08056,6,7,1
08055,4,0,0
08054,9,3,2
08053,5,0,7
08052,2,8,0
08051,2,3,9
08050,3,3,2
08049,5,2,3
08048,8,0,5
08047,2,2,7
08046,8,0,5
08045,6,6,6
08044,1,2,1
08043,1,1,1
08042,6,1,2
08041,6,6,1
08040,8,0,4
08039,4,5,8
08038,6,5,3
08037,8,0,6
08036,5,4,1
08035,9,1,3
08034,8,3,5
08033,5,2,0
08032,8,2,7
08031,5,3,5
08030,3,1,4
08029,3,2,0
08028,9,9,0
08027,0,2,6
08026,8,0,6
08025,6,3,0
08024,0,1,2
08023,0,8,8
08022,6,5,4
08021,1,1,9
08020,7,8,6
08019,6,4,9
08018,1,5,5
08017,0,6,5
08016,7,8,9
08015,4,7,5
08014,1,6,3
08013,0,0,4
08012,6,3,0
08011,5,0,6
08010,2,8,4
08009,0,8,1
08008,8,0,3
08007,0,8,9
08006,2,8,2
08005,3,1,4
08004,3,5,9
08003,8,3,8
08002,8,7,0
08001,6,5,9
07357,3,1,7
07356,2,1,5
07355,6,3,4
07354,0,6,5
07353,0,0,5
07352,1,4,7
07351,0,2,8
07350,1,6,4
07349,4,7,7
07348,4,1,8
07347,3,1,0
07346,0,8,0
07345,5,9,6
07344,7,5,7
07343,4,9,2
07342,0,6,8
07341,0,3,2
07340,4,1,6
07339,0,4,8
07338,5,8,5
07337,2,7,6
07336,7,7,4
07335,5,2,3
07334,7,7,3
07333,9,1,4
07332,6,6,4
07331,1,5,3
07330,0,1,5
07329,2,7,3
07328,9,4,0
07327,4,3,8
07326,5,6,6
07325,8,1,9
07324,0,5,1
07323,6,9,4
07322,8,8,3
07321,8,5,8
07320,7,9,4
07319,0,5,3
07318,0,9,1
07317,7,8,7
07316,6,0,7
07315,2,0,1
07314,1,7,4
07313,6,3,3
07312,0,5,3
07311,3,4,7
07310,7,5,9
07309,8,8,4
07308,0,8,7
07307,6,1,0
07306,0,5,3
07305,7,9,8
07304,4,0,2
07303,9,8,0
07302,4,9,1
07301,8,2,4
07300,3,5,7
07299,4,9,4
07298,2,6,8
07297,9,7,1
07296,9,4,5
07295,3,1,1
07294,5,6,3
07293,4,7,4
07292,5,6,9
07291,4,4,1
07290,4,5,3
07289,7,9,4
07288,9,2,7
07287,3,7,4
07286,6,1,9
07285,4,0,7
07284,7,5,9
07283,2,1,0
07282,9,0,4
07281,4,0,3
07280,8,6,4
07279,8,9,6
07278,5,6,3
07277,2,5,4
07276,4,9,4
07275,3,6,1
07274,4,3,5
07273,8,5,4
07272,7,9,2
07271,2,9,5
07270,8,5,2
07269,8,3,3
07268,6,3,9
07267,5,9,8
07266,8,0,6
07265,2,3,2
07264,7,9,6
07263,2,3,1
07262,0,4,9
07261,9,1,2
07260,9,7,9
07259,1,5,4
07258,5,4,3
07257,1,4,4
07256,2,2,1
07255,4,8,8
07254,6,3,0
07253,5,3,3
07252,0,2,9
07251,6,0,2
07250,0,2,8
07249,0,5,1
07248,2,5,1
07247,8,5,4
07246,2,5,2
07245,9,4,6
07244,3,3,3
07243,7,1,9
07242,8,2,0
07241,5,3,2
07240,4,6,1
07239,8,4,6
07238,0,7,8
07237,4,3,8
07236,6,8,9
07235,8,9,3
07234,6,3,8
07233,8,3,2
07232,8,3,3
07231,1,3,9
07230,9,4,7
07229,0,2,2
07228,2,9,1
07227,2,0,1
07226,2,5,9
07225,8,0,1
07224,4,3,6
07223,4,2,7
07222,7,1,2
07221,2,1,1
07220,4,7,9
07219,5,6,9
07218,3,9,7
07217,5,0,3
07216,1,7,6
07215,8,8,4
07214,9,4,4
07213,8,9,9
07212,2,4,4
07211,1,8,8
07210,0,6,1
07209,3,8,9
07208,6,4,3
07207,9,2,3
07206,5,1,8
07205,5,3,3
07204,9,8,1
07203,1,3,1
07202,8,6,8
07201,0,8,5
07200,7,6,6
07199,4,4,9
07198,2,8,2
07197,7,1,3
07196,5,6,5
07195,5,6,6
07194,1,4,1
07193,9,5,1
07192,1,0,6
07191,9,5,9
07190,6,1,6
07189,1,8,4
07188,5,8,9
07187,8,6,7
07186,0,0,0
07185,5,8,1
07184,5,7,4
07183,9,0,3
07182,6,0,4
07181,8,4,9
07180,6,8,0
07179,8,2,5
07178,4,9,1
07177,7,2,6
07176,1,7,4
07175,4,4,6
07174,3,8,4
07173,9,8,1
07172,5,1,7
07171,8,9,0
07170,2,0,0
07169,3,3,8
07168,0,6,4
07167,8,0,0
07166,7,9,5
07165,9,4,6
07164,7,3,8
07163,6,5,8
07162,5,5,4
07161,5,6,7
07160,8,7,8
07159,5,3,9
07158,8,9,1
07157,0,0,0
07156,7,7,5
07155,6,8,2
07154,8,5,1
07153,1,8,1
07152,9,5,1
07151,6,7,6
07150,8,7,3
07149,3,7,8
07148,2,4,6
07147,9,7,6
07146,9,1,0
07145,0,6,0
07144,9,1,2
07143,1,3,9
07142,6,6,9
07141,8,8,4
07140,0,3,6
07139,3,2,8
07138,0,4,7
07137,9,6,4
07136,8,5,8
07135,5,9,5
07134,0,9,7
07133,8,3,9
07132,6,8,4
07131,5,7,5
07130,1,1,1
07129,9,4,5
07128,6,9,9
07127,9,0,9
07126,0,7,5
07125,1,6,3
07124,7,7,9
07123,5,2,5
07122,5,2,0
07121,0,0,6
07120,5,3,4
07119,9,6,7
07118,9,7,1
07117,3,7,8
07116,2,7,2
07115,1,6,7
07114,7,8,6
07113,1,8,3
07112,7,3,4
07111,7,6,2
07110,7,8,6
07109,3,9,5
07108,4,9,7
07107,6,9,1
07106,8,4,5
07105,9,9,9
07104,7,5,4
07103,4,4,1
07102,4,8,5
07101,3,4,9
07100,9,4,1
07099,4,0,5
07098,6,7,9
07097,5,3,2
07096,9,6,7
07095,9,3,7
07094,0,5,1
07093,9,7,1
07092,4,1,7
07091,1,7,0
07090,6,2,4
07089,5,7,7
07088,8,9,4
07087,7,3,8
07086,0,2,8
07085,8,7,8
07084,0,2,0
07083,9,0,3
07082,0,4,4
07081,4,9,1
07080,8,5,6
07079,1,9,5
07078,7,3,7
07077,7,6,1
07076,3,1,6
07075,5,1,5
07074,9,0,6
07073,5,6,4
07072,0,1,0
07071,9,8,4
07070,4,4,1
07069,5,3,1
07068,1,0,3
07067,4,9,9
07066,6,8,3
07065,2,6,8
07064,3,3,0
07063,3,6,5
07062,3,2,7
07061,7,8,7
07060,3,6,8
07059,5,2,8
07058,8,8,7
07057,9,5,5
07056,2,7,8
07055,0,1,7
07054,8,4,7
07053,8,0,2
07052,7,3,3
07051,2,6,5
07050,1,6,3
07049,7,6,0
07048,5,7,2
07047,3,7,7
07046,5,6,4
07045,0,0,0
07044,9,8,8
07043,9,4,7
07042,1,9,9
07041,3,3,5
07040,9,4,8
07039,0,2,5
07038,2,0,3
07037,5,0,7
07036,0,3,2
07035,7,6,4
07034,4,9,4
07033,8,7,5
07032,9,6,1
07031,7,0,4
07030,2,8,1
07029,3,9,9
07028,1,1,9
07027,3,4,9
07026,2,6,0
07025,3,1,9
07024,9,5,5
07023,7,1,6
07022,8,9,6
07021,7,5,7
07020,1,5,1
07019,2,1,9
07018,2,0,4
07017,4,8,5
07016,8,7,8
07015,9,7,7
07014,0,4,7
07013,2,5,2
07012,4,0,5
07011,2,6,1
07010,4,5,3
07009,2,9,2
07008,4,1,6
07007,5,4,1
07006,8,3,5
07005,0,9,1
07004,1,6,3
07003,8,3,9
07002,0,6,0
07001,0,3,8
06357,5,8,4
06356,6,7,8
06355,9,1,4
06354,3,3,4
06353,5,1,3
06352,6,9,1
06351,1,1,7
06350,6,9,8
06349,7,3,5
06348,1,1,4
06347,1,8,4
06346,5,6,6
06345,0,3,0
06344,7,1,2
06343,1,8,3
06342,7,4,6
06341,6,6,4
06340,5,3,1
06339,0,6,3
06338,9,4,0
06337,1,2,6
06336,4,5,6
06335,6,5,9
06334,8,9,3
06333,7,6,7
06332,0,2,0
06331,0,9,0
06330,7,7,4
06329,8,9,6
06328,1,6,9
06327,3,7,5
06326,9,7,7
06325,1,4,3
06324,8,1,5
06323,7,3,6
06322,6,6,4
06321,4,6,8
06320,3,4,9
06319,6,5,5
06318,6,1,9
06317,8,4,5
06316,1,3,3
06315,0,4,1
06314,7,2,4
06313,8,3,0
06312,3,1,0
06311,3,0,5
06310,9,9,9
06309,8,3,4
06308,8,7,1
06307,2,7,8
06306,6,6,1
06305,2,5,9
06304,9,9,1
06303,7,7,2
06302,6,3,5
06301,1,9,9
06300,2,1,4
06299,9,5,6
06298,9,7,2
06297,6,0,0
06296,6,0,9
06295,3,3,1
06294,4,3,7
06293,0,6,0
06292,3,3,8
06291,4,3,9
06290,2,0,8
06289,7,8,1
06288,1,4,5
06287,4,4,7
06286,5,6,4
06285,8,5,7
06284,2,7,9
06283,0,2,3
06282,4,3,3
06281,2,6,3
06280,8,0,8
06279,9,5,1
06278,2,1,6
06277,9,0,7
06276,1,1,0
06275,7,7,2
06274,9,0,8
06273,3,7,3
06272,5,1,7
06271,9,4,4
06270,3,1,7
06269,0,1,0
06268,6,3,8
06267,2,6,5
06266,2,7,2
06265,2,2,8
06264,6,5,6
06263,8,8,6
06262,9,1,7
06261,7,3,5
06260,6,5,9
06259,6,2,8
06258,8,6,0
06257,5,0,8
06256,9,9,8
06255,4,7,9
06254,2,9,3
06253,9,7,8
06252,1,1,5
06251,6,5,6
06250,9,5,9
06249,1,6,6
06248,8,9,5
06247,5,2,8
06246,9,8,9
06245,0,8,0
06244,2,2,2
06243,4,9,8
06242,7,8,9
06241,4,3,2
06240,2,2,8
06239,5,3,6
06238,1,6,6
06237,7,9,3
06236,1,6,9
06235,7,3,2
06234,4,5,7
06233,7,1,4
06232,1,6,2
06231,0,6,8
06230,2,6,7
06229,2,6,6
06228,6,1,2
06227,6,3,3
06226,6,0,8
06225,8,9,3
06224,7,0,8
06223,7,6,0
06222,2,5,5
06221,7,5,1
06220,5,4,6
06219,5,5,4
06218,7,2,1
06217,3,5,3
06216,8,3,6
06215,5,2,7
06214,3,4,0
06213,4,2,1
06212,9,3,4
06211,5,5,2
06210,2,5,7
06209,5,6,2
06208,3,6,8
06207,9,3,7
06206,4,7,1
06205,4,8,1
06204,8,7,2
06203,4,5,1
06202,8,9,1
06201,7,2,4
06200,9,2,8
06199,0,2,9
06198,1,6,5
06197,9,4,9
06196,8,4,8
06195,9,1,8
06194,1,1,6
06193,7,4,8
06192,3,0,0
06191,2,9,3
06190,4,1,9
06189,3,3,4
06188,9,9,5
06187,7,1,3
06186,4,6,9
06185,7,0,0
06184,3,4,0
06183,4,6,5
06182,2,1,7
06181,9,5,9
06180,5,9,3
06179,4,9,9
06178,4,6,5
06177,9,4,5
06176,7,7,2
06175,0,0,1
06174,4,5,4
06173,0,1,9
06172,6,8,7
06171,2,4,6
06170,3,0,5
06169,7,9,4
06168,2,1,1
06167,9,6,4
06166,3,7,3
06165,3,9,7
06164,5,3,4
06163,9,9,4
06162,2,4,2
06161,9,7,6
06160,9,8,6
06159,5,3,9
06158,6,2,3
06157,0,3,8
06156,6,7,8
06155,7,5,9
06154,9,4,8
06153,9,5,0
06152,8,1,4
06151,1,8,1
06150,0,4,9
06149,0,1,9
06148,7,6,0
06147,7,3,3
06146,8,3,4
06145,5,8,8
06144,1,5,1
06143,1,0,4
06142,2,6,6
06141,9,7,4
06140,8,3,0
06139,1,7,2
06138,0,8,7
06137,7,3,3
06136,3,9,1
06135,7,4,5
06134,0,7,3
06133,9,8,9
06132,0,9,3
06131,1,6,5
06130,8,0,8
06129,9,2,9
06128,6,4,0
06127,1,0,3
06126,2,3,8
06125,3,1,5
06124,2,6,1
06123,2,4,9
06122,5,2,0
06121,5,7,5
06120,3,3,2
06119,9,0,0
06118,8,9,0
06117,9,9,9
06116,3,3,2
06115,2,5,9
06114,9,9,7
06113,6,0,1
06112,4,9,9
06111,2,1,8
06110,4,3,7
06109,3,0,8
06108,6,9,6
06107,1,9,0
06106,5,3,3
06105,5,1,9
06104,6,1,6
06103,2,2,3
06102,2,6,0
06101,4,3,0
06100,4,5,1
06099,8,2,6
06098,6,6,0
06097,9,3,8
06096,2,7,5
06095,3,0,4
06094,0,1,0
06093,8,2,4
06092,4,4,4
06091,5,3,3
06090,8,7,7
06089,4,9,2
06088,6,4,2
06087,9,4,7
06086,1,6,2
06085,4,9,5
06084,2,7,6
06083,9,7,2
06082,6,7,1
06081,4,3,4
06080,5,4,4
06079,7,1,4
06078,2,8,6
06077,2,0,1
06076,2,2,4
06075,8,4,4
06074,2,9,2
06073,2,0,3
06072,4,2,0
06071,2,0,2
06070,4,1,5
06069,0,8,2
06068,0,0,3
06067,1,4,9
06066,9,6,7
06065,9,2,1
06064,9,8,3
06063,4,5,8
06062,7,6,1
06061,2,2,4
06060,0,6,2
06059,9,9,0
06058,6,0,0
06057,7,9,1
06056,8,9,8
06055,1,4,0
06054,9,0,9
06053,6,9,8
06052,5,0,1
06051,8,7,3
06050,8,7,4
06049,4,8,9
06048,5,6,4
06047,6,9,4
06046,5,6,8
06045,1,8,7
06044,0,2,6
06043,4,4,5
06042,0,2,8
06041,8,5,3
06040,8,7,6
06039,5,8,7
06038,3,7,4
06037,2,3,6
06036,1,5,4
06035,6,4,7
06034,4,6,5
06033,5,4,9
06032,6,9,9
06031,6,7,5
06030,0,8,6
06029,7,0,6
06028,5,4,7
06027,4,0,4
06026,9,9,8
06025,7,0,7
06024,1,6,3
06023,2,1,5
06022,1,6,4
06021,4,3,8
06020,7,1,0
06019,1,9,9
06018,9,1,6
06017,9,2,5
06016,5,1,9
06015,4,4,6
06014,6,7,8
06013,7,7,7
06012,6,5,2
06011,7,5,5
06010,5,3,8
06009,8,0,3
06008,4,8,9
06007,5,6,1
06006,5,9,8
06005,1,8,5
06004,9,4,0
06003,0,1,2
06002,2,9,9
06001,1,8,4
05358,3,9,7
05357,4,1,5
05356,4,3,9
05355,0,1,2
05354,0,1,4
05353,0,9,5
05352,5,6,2
05351,2,3,9
05350,2,3,7
05349,4,9,2
05348,3,2,3
05347,1,7,2
05346,2,9,2
05345,7,8,6
05344,9,4,9
05343,8,7,6
05342,3,8,5
05341,3,0,2
05340,6,7,8
05339,4,4,0
05338,2,3,6
05337,4,6,1
05336,6,9,3
05335,7,8,1
05334,6,7,2
05333,3,4,1
05332,1,8,7
05331,7,9,0
05330,1,4,9
05329,1,1,7
05328,4,6,3
05327,7,3,5
05326,5,0,8
05325,4,7,2
05324,5,7,8
05323,3,3,9
05322,2,7,4
05321,8,0,5
05320,0,8,4
05319,8,2,4
05318,0,6,9
05317,8,4,6
05316,7,4,1
05315,6,7,0
05314,8,6,0
05313,7,2,8
05312,7,5,6
05311,4,5,0
05310,0,1,5
05309,5,2,4
05308,1,2,9
05307,9,6,8
05306,3,9,0
05305,5,7,8
05304,8,6,3
05303,5,7,6
05302,7,4,7
05301,6,3,5
05300,9,6,6
05299,7,5,6
05298,6,0,8
05297,3,1,9
05296,7,1,6
05295,8,9,3
05294,8,2,0
05293,0,4,0
05292,4,3,6
05291,3,7,1
05290,8,0,3
05289,3,0,4
05288,4,8,7
05287,7,8,7
05286,8,5,3
05285,6,5,4
05284,3,8,0
05283,1,8,4
05282,5,4,9
05281,5,7,6
05280,8,9,9
05279,2,5,4
05278,6,9,2
05277,0,7,5
05276,8,6,2
05275,4,7,0
05274,5,2,6
05273,7,2,6
05272,9,8,1
05271,5,6,6
05270,9,0,9
05269,3,2,7
05268,8,5,5
05267,5,8,4
05266,1,0,7
05265,6,9,6
05264,8,0,7
05263,8,4,6
05262,2,4,0
05261,6,1,4
05260,4,8,9
05259,9,7,1
05258,9,7,6
05257,0,2,6
05256,5,3,9
05255,9,5,9
05254,3,0,2
05253,4,4,2
05252,0,8,5
05251,8,1,8
05250,0,3,7
05249,5,2,1
05248,4,8,1
05247,3,1,0
05246,5,9,7
05245,8,2,7
05244,8,9,4
05243,9,4,9
05242,2,8,9
05241,8,3,2
05240,5,1,7
05239,3,4,6
05238,4,6,3
05237,6,0,0
05236,5,3,7
05235,8,5,6
05234,1,2,2
05233,9,3,4
05232,7,4,9
05231,0,7,7
05230,7,8,4
05229,8,1,3
05228,7,2,5
05227,2,6,4
05226,2,9,3
05225,3,0,9
05224,5,6,7
05223,5,3,9
05222,8,9,5
05221,8,7,0
05220,8,0,2
05219,2,1,6
05218,7,2,4
05217,5,5,5
05216,8,5,6
05215,2,3,6
05214,1,6,9
05213,9,6,2
05212,7,8,0
05211,5,3,4
05210,5,4,3
05209,3,1,6
05208,5,4,0
05207,8,6,7
05206,9,5,8
05205,8,7,5
05204,5,0,6
05203,8,1,9
05202,3,3,0
05201,0,4,5
05200,9,9,8
05199,7,9,4
05198,7,4,9
05197,7,8,8
05196,0,0,5
05195,5,2,6
05194,4,9,4
05193,9,9,9
05192,6,2,4
05191,5,0,6
05190,4,2,6
05189,4,0,3
05188,6,2,9
05187,9,1,3
05186,2,0,2
05185,4,3,9
05184,8,8,4
05183,1,7,3
05182,4,6,9
05181,4,0,2
05180,3,9,5
05179,0,4,3
05178,0,0,4
05177,7,0,5
05176,9,3,7
05175,9,3,3
05174,8,7,6
05173,2,0,7
05172,9,9,7
05171,1,6,5
05170,1,9,5
05169,2,6,3
05168,9,0,7
05167,7,1,1
05166,7,3,6
05165,3,9,8
05164,0,0,1
05163,6,4,5
05162,9,6,7
05161,2,2,1
05160,7,2,6
05159,1,0,7
05158,8,7,6
05157,5,9,8
05156,1,1,9
05155,0,2,4
05154,7,7,6
05153,8,6,6
05152,9,2,7
05151,9,9,0
05150,5,2,4
05149,8,9,9
05148,9,7,9
05147,1,2,1
05146,1,0,9
05145,0,5,7
05144,5,7,4
05143,2,0,7
05142,3,0,6
05141,1,6,8
05140,8,9,4
05139,4,6,2
05138,0,1,4
05137,2,5,3
05136,9,2,8
05135,7,4,5
05134,7,0,4
05133,7,5,9
05132,8,3,6
05131,6,6,3
05130,5,4,6
05129,7,0,7
05128,1,6,2
05127,4,4,5
05126,5,3,4
05125,5,0,8
05124,2,1,9
05123,9,7,4
05122,5,4,2
05121,7,2,9
05120,1,6,2
05119,1,1,1
05118,5,9,3
05117,9,9,2
05116,5,6,9
05115,6,2,6
05114,8,9,2
05113,0,0,5
05112,2,9,8
05111,0,6,1
05110,4,1,7
05109,6,1,0
05108,3,8,4
05107,8,3,8
05106,5,4,0
05105,3,6,3
05104,6,8,1
05103,8,7,3
05102,4,3,1
05101,3,2,0
05100,1,2,7
05099,6,9,5
05098,6,7,0
05097,0,8,5
05096,9,3,5
05095,0,6,1
05094,1,1,2
05093,8,6,1
05092,2,9,9
05091,1,0,2
05090,0,6,5
05089,0,9,1
05088,1,4,4
05087,1,5,5
05086,6,3,5
05085,9,4,2
05084,2,7,7
05083,7,0,2
05082,2,1,6
05081,2,5,0
05080,4,9,5
05079,9,5,9
05078,8,4,2
05077,6,4,8
05076,4,1,8
05075,7,0,0
05074,0,0,6
05073,2,3,2
05072,2,5,6
05071,9,1,7
05070,9,8,4
05069,7,4,3
05068,9,0,3
05067,1,6,9
05066,6,2,6
05065,8,9,5
05064,9,6,9
05063,1,8,1
05062,7,9,6
05061,9,1,2
05060,9,6,0
05059,9,8,3
05058,3,5,3
05057,8,1,3
05056,6,0,0
05055,0,1,4
05054,5,1,9
05053,1,7,5
05052,3,0,6
05051,2,4,7
05050,1,0,4
05049,7,9,0
05048,7,6,1
05047,4,2,9
05046,5,4,5
05045,4,0,0
05044,9,5,5
05043,8,4,5
05042,2,3,4
05041,1,3,3
05040,0,4,7
05039,0,2,8
05038,3,1,9
05037,7,0,8
05036,9,4,2
05035,8,3,0
05034,1,8,6
05033,5,9,0
05032,3,6,1
05031,5,0,4
05030,4,5,9
05029,6,2,8
05028,8,6,2
05027,0,1,4
05026,2,7,7
05025,7,5,5
05024,3,1,2
05023,0,8,0
05022,9,3,8
05021,0,0,1
05020,9,2,2
05019,5,7,4
05018,0,5,5
05017,1,5,7
05016,6,6,5
05015,3,6,7
05014,0,8,5
05013,6,1,3
05012,1,9,6
05011,2,0,4
05010,4,1,6
05009,8,6,9
05008,2,8,1
05007,4,3,5
05006,4,2,0
05005,2,9,9
05004,6,7,4
05003,4,3,1
05002,3,6,6
05001,0,5,4
04044,3,8,2
04043,7,0,4
04042,7,8,0
04041,8,1,4
04040,5,6,6
04039,8,0,2
04038,4,2,5
04037,3,2,5
04036,0,0,9
04035,3,7,4
04034,9,9,5
04033,5,0,5
04032,3,7,8
04031,3,6,2
04030,1,2,0
04029,2,5,6
04028,0,7,5
04027,3,6,3
04026,6,2,1
04025,6,1,8
04024,8,8,6
04023,8,7,1
04022,5,9,1
04021,3,9,3
04020,8,1,0
04019,4,7,1
04018,6,1,2
04017,4,1,9
04016,4,4,4
04015,4,5,9
04014,3,3,5
04013,0,0,3
04012,4,3,0
04011,4,3,6
04010,2,2,7
04009,4,4,1
04008,6,2,2
04007,8,3,0
04006,5,2,6
04005,0,5,4
04004,4,4,3
04003,7,1,8
04002,3,1,7
04001,1,9,2
