issue,date,numbers
2026129,2026-05-19,03 08 09 12 17 25 28 29 33 36 38 43 49 59 60 62 63 66 76 78
2026128,2026-05-18,04 05 11 13 17 19 26 28 38 39 41 43 45 46 47 51 53 60 75 76
2026127,2026-05-17,01 05 10 14 15 27 31 33 34 47 51 54 57 63 65 66 69 73 77 78
2026126,2026-05-16,01 04 10 11 12 16 22 23 29 36 39 43 52 57 59 60 61 62 64 74
2026125,2026-05-15,09 30 38 39 40 41 43 44 45 46 47 51 53 54 56 58 60 67 76 77
2026124,2026-05-14,03 07 08 09 14 23 31 34 35 37 38 40 43 47 61 63 66 71 76 78
2026123,2026-05-13,11 14 17 21 23 24 30 34 41 43 50 51 52 58 62 71 74 75 78 80
2026122,2026-05-12,01 07 09 15 19 26 27 28 30 36 45 50 56 57 58 61 63 66 76 78
2026121,2026-05-11,02 16 18 19 26 32 33 38 39 42 49 50 52 54 60 61 63 65 72 78
2026120,2026-05-10,02 03 06 10 16 21 35 37 43 45 52 54 57 63 67 68 70 76 78 80
2026119,2026-05-09,03 12 14 15 17 22 23 27 31 39 43 46 48 53 54 64 66 69 77 78
2026118,2026-05-08,02 07 08 09 12 17 18 33 36 39 44 46 61 66 68 69 71 72 75 80
2026117,2026-05-07,04 15 19 20 24 26 29 39 42 44 45 48 49 55 56 60 61 66 75 77
2026116,2026-05-06,03 11 16 22 27 31 32 36 40 47 48 58 62 65 67 69 70 74 75 80
2026115,2026-05-05,05 06 07 12 14 25 26 30 31 33 36 43 44 48 51 57 70 75 77 80
2026114,2026-05-04,01 05 11 12 20 24 25 32 33 37 39 45 46 52 53 54 56 57 69 77
2026113,2026-05-03,02 05 06 09 17 19 20 26 29 31 32 33 37 40 44 53 58 62 71 78
2026112,2026-05-02,10 12 23 27 36 38 41 45 47 50 53 58 61 62 65 67 69 72 75 76
2026111,2026-05-01,01 09 10 13 18 19 21 23 25 32 38 41 45 46 54 59 61 64 68 79
2026110,2026-04-30,10 13 14 26 27 29 30 39 43 46 47 51 53 55 57 58 68 71 75 76
2026109,2026-04-29,05 11 18 23 24 25 30 33 36 37 38 39 40 57 61 64 66 70 71 76
2026108,2026-04-28,03 04 16 18 27 29 32 33 41 45 46 47 49 50 53 61 66 74 77 80
2026107,2026-04-27,02 08 16 21 24 28 29 34 37 39 44 51 53 54 55 57 66 69 75 79
2026106,2026-04-26,10 11 12 18 27 28 30 32 38 42 46 53 62 65 67 69 71 73 75 76
2026105,2026-04-25,02 06 12 13 14 18 29 31 33 34 35 36 50 67 68 70 71 72 76 77
2026104,2026-04-24,05 18 20 31 35 41 42 44 46 48 49 52 55 57 63 64 70 72 75 79
2026103,2026-04-23,04 06 11 13 15 20 25 27 30 34 35 45 48 52 54 57 60 64 67 80
2026102,2026-04-22,06 09 15 17 21 27 28 33 37 39 40 41 42 46 47 64 70 77 78 79
2026101,2026-04-21,04 06 11 18 21 23 32 38 39 40 45 46 50 52 55 59 61 63 64 67
2026100,2026-04-20,03 05 07 12 15 17 20 29 36 37 38 39 42 48 50 58 64 67 68 77
